,0
청우참치,3.25
정돈,3.5
꼼다비뛰드,3.17
노들강,2.62
영동소금구이,3.31
야키토리묵,3.17
목포집,3.12
야사이마끼 쿠이신보,3.31
칙피스,3.06
콴안다오,3.0
삼창교자,2.83
신비갈비살,3.55
정돈 프리미엄,3.19
테일러커피,3.34
오사카카레콘유,3.27
레호이,3.15
신사치킨클럽,3.45
양인환대,3.28
이디야커피랩,3.33
고급오복수산,3.0
치즈룸,2.5
홍명,2.87
모노로그,3.27
탄광,3.33
미라이,3.38
일무레또,2.64
비스트로앤트로,3.6
상석,3.71
압구정공주떡집,3.38
야스노야지로,3.27
비플레이트 바이 브라운브레드,2.67
양재초밥,3.56
원스타 올드패션드 햄버거,3.44
DOMA ,2.91
차만다,3.39
이도,3.69
지아니스나폴리,3.43
양궈푸마라탕,3.0
파티세리바이가루하루 ,3.31
이도곰탕,3.19
에빗,3.44
한강수,3.4
껠끄쇼즈,3.31
땅코참숯구이,3.39
왕스덕,3.73
김수사,2.69
은화계,3.06
아이뽀유,2.91
가온,3.33
스시코우지,2.91
매덕스피자,3.62
효계,3.5
길버트버거앤프라이즈,3.35
와라야키 쿠이신보,3.2
하쿠시,3.09
새들러하우스,2.81
스쿠로,3.18
SOOT,3.0
스시타츠,2.64
볼피노리스토란테,3.36
가디록,3.25
스시선수,2.73
갓포아키,3.1
효도치킨,3.13
어물전 청,3.09
우가,3.0
미트업,3.43
꽁티드툴레아,2.88
알고리즘,2.67
리틀넥,3.0
최가네버섯샤브매운탕칼국수,3.67
다운타우너,3.16
소이연남마오,3.0
제스트,2.9
르챔버,3.44
파스토,3.36
스시카나에,3.44
페어링룸,2.67
파불라,3.19
스시장종현,2.75
쁠로13,2.81
청담테라,2.12
살루쪼,2.82
마이니치라멘,2.64
페리지,3.09
비야게레로,2.94
능라도,3.13
흐비지떼,2.5
익스퀴진,2.67
슬로우치즈,2.5
스기타마,2.91
화이트와인개러지,3.67
모찌방,2.5
몰타참치,3.82
고메램,3.06
봉밀가,3.45
다로베,2.91
밍글스,3.27
메종드라카테고리,3.19
스시키,3.07
젠제로,3.33
노란상소갈비,2.31
해목,2.91
시고로,3.25
레스토랑오와이,3.11
남산터,2.8
까폼,3.69
카츠바이콘반,3.19
이치에,2.87
구들,3.17
야키토리파노,2.57
정식당,3.38
BISTROT de YOUNTVILLE,3.5
고트델리,3.05
시라카와,3.17
티톨로,2.82
알고기,3.44
외고집설렁탕,3.44
농민백암순대,2.96
장스테이크,3.0
쇼토,3.12
엘이베리코,3.33
로바타탄요,2.83
씨네드쉐프,2.93
일리조,3.0
스시인,2.88
테스트키친,3.0
골드피쉬딤섬퀴진,3.19
백곰막걸리앤양조장,2.81
패티앤베지스,3.55
인딕 슬로우,2.8
삐아프,3.56
우마텐,2.56
양식당더램키친,3.38
뀌쏭82,3.33
오스테리아꼬또,3.33
PDR,3.57
맛짱조개,3.33
쎄쎄종,2.67
호루몬규상,3.36
영동민물장어,3.5
키겐,3.27
온리고,3.33
스시 시미즈,3.64
켄,2.75
마르셀 (휴업중),3.62
코슌,3.82
라미띠에,3.06
따띠따띠,2.5
파넬카페,3.06
임프레션 (휴업중),3.83
롸카두들내쉬빌핫치킨,2.76
파씨오네,3.44
가담,2.73
보트르메종,3.31
있을재,3.0
묵전,2.81
핀즈,4.0
아스트랄,3.67
갓포마코토,3.92
보타르가,2.75
권숙수,2.45
선데이버거클럽,3.33
농민백암왕순대,3.5
뽕나무쟁이,3.0
세드라,2.94
판동면옥,3.17
길목,2.67
뜨락,3.0
중앙해장,3.25
모퉁이우Ripe,2.0
알라보,3.19
모터시티,3.17
경천애인 2237,3.3
챔프커피,3.32
허머스키친,3.31
크라이치즈버거,3.13
대우부대찌개,3.31
고갯마루집,3.0
바게트K,3.0
쏭타이,3.12
사케바현,3.4
강남진해장,3.62
하나샤부정,3.36
Ebt,3.5
부타이,2.94
육전식당,3.28
와려,3.09
논현장어,2.91
진미평양냉면,3.81
스시 나미키,2.69
알라프리마,3.06
북해도목장,3.62
리북집,3.0
수묵당,3.64
무오키,3.33
리틀앤머치 (휴업중),3.06
톡톡,2.82
빠오즈푸,3.31
은혜떡볶이,3.62
궤도에오르다,3.19
가츠시,3.4
래빗홀 버거컴퍼니,2.75
함흥본가면옥,3.12
알고탭하우스,2.83
뱃놈,3.33
투고샐러드,3.23
애드앤드,3.5
태천면옥,3.31
범가,3.18
쉐프의콜렉션,3.21
참토우,2.6
어반나이프,2.94
스시텐,2.81
메차쿠차,2.2
산골닭갈비,1.8
Fmm카페,3.12
끼니밥메시,3.0
홍대돈부리,3.46
미식반점,3.69
멘쇼,3.25
조씨네고기국수,3.25
호파스타,3.06
미분당,3.11
아오스요거트,2.38
꼬메노,3.0
화양식당,2.94
포남딘,2.4
콩이네,3.09
하이디라오,3.11
겐로쿠우동,3.31
오페떼,3.0
타이거슈가,3.14
마초쉐프,3.25
롤링파스타,3.3
우마이도,2.93
사대분식,3.33
글래시,3.19
바나나토크,3.17
잉글사이드,2.5
체리커피,3.06
LAB41,3.45
계탄집,3.36
마우로아,2.55
로이베이커리카페,3.36
라구뜨,3.42
마우스래빗,2.88
띵똥와플,3.2
모모스테이크,2.69
능동샐러드,3.08
오코노미야키식당하나,3.25
건대스시,2.93
최가커피,3.18
도쿄스테이크,2.69
초밥짓는원숭이,3.5
호야,2.25
호야초밥참치전문점,2.62
감성타코,2.6
민벅,2.38
쭈꾸미킹,2.88
수퍼슬라이더스,2.81
선미황먼지찜닭,3.6
어멍네고기국수,2.46
초라멘,3.06
김피라,3.06
부리토 피아,3.11
벨롱에스프레소,3.44
모서리에커피집,3.5
시홍쓰,3.33
깍뚝,2.93
왕십리정곱창,3.21
이이요,3.1
대한곱창,2.67
멕시칼리,3.56
텐동한,3.0
카페래디언트,2.77
카페온,3.0
보라젤라또,3.36
남한강민물매운탕,2.75
일레븐 라운지,2.2
고향양꼬치,3.0
매화반점,3.07
봉자마라탕,2.94
해룡마라룽샤,3.05
쿵푸소룽샤,2.88
복만루,2.57
허씨전통중경마라쌍궈,3.38
경성양육관,3.06
매운향솥,3.16
청두인상,2.83
대흥양다리바베큐,3.45
얼땅쟈,3.2
송화양꼬치,2.88
잇타이,2.75
반티엔야오 카오위,3.18
페스타마레,2.81
니뽕내뽕,3.0
카페호이,2.67
은호초밥,3.12
가마로,3.31
건대커피랩,2.62
부탄츄,3.33
카페 아르무아,2.75
육회한연어,2.9
로얄인디안레스토랑,3.06
아웃닭,3.12
오늘와인한잔,2.88
육성회비,3.69
조용한주택,3.11
선장훅,2.43
환이네갈비살 (휴업중),3.08
포비,3.34
영미오리탕,3.33
한강풍천장어,2.5
뺑드램,3.44
FEFE,2.86
독도수산,3.13
송화산시도삭면,3.31
명봉샤브샤브양꼬치,3.27
케루악,2.91
고래바,3.38
하루,2.44
아날로그키친,2.31
Index,3.31
반둥식당,3.64
카페드라이,2.77
로니로티,2.69
설빙,2.94
칼레오커피로스터스,2.73
해피니스디저트,3.06
강릉엄지네꼬막집,3.13
남원골추어탕,2.33
프언타이,3.61
스시토푸,2.44
역전할머니맥주,2.78
감성당,2.94
프랭크버거,3.33
아찌떡볶이,2.94
최신족발,2.88
메이빌,2.88
천향마라탕,3.31
라화쿵부,2.44
중경소면관,2.1
고망고,2.43
심마니,2.81
다원식당,2.88
신사소곱창,2.75
Daughter,3.09
도쿄빙수,3.19
돕감자탕전문점,3.06
유키노하나,2.81
단골손님,2.62
엘루이피자앤펍,3.12
리춘시장,2.64
골목에골목,2.73
Cafe k375,3.12
노다메,2.75
고흥순대국머리고기,2.5
민정식당,2.88
비에이치테이블,3.1
고향집,3.27
헤르만쿠키,2.91
펠어커피,2.39
도치피자,2.69
램스야,3.43
주하객잔,2.4
나루가온,2.67
유일설렁탕,3.25
담백,3.45
금룡,2.71
더파빌리온,2.92
더뷔페,3.31
모에기,2.8
델비노,2.29
명월관,2.3
피자힐,2.83
뚝방길 홍차가게,3.73
꽁비비알,2.88
서북면옥,2.91
원조할아버지손두부,3.18
동성관,2.17
신토불이떡볶이,2.94
순금이떡볶이,3.25
메종드타르트,2.92
송림식당,2.67
뢰베,2.33
이씨주방,3.3
라멘다이야,3.82
소바쿠,3.0
요마시,3.15
스미다,3.0
시드누아,2.85
안다즈커피,2.09
구영회참치앤초밥,2.5
라크라센타,2.0
라꾸긴,3.12
제주회수산,1.0
마초짬뽕,2.0
파파비,2.2
이름없는가게,3.3
다채,2.8
써드포지션,2.8
카페호즈,1.67
모미지쿡,2.75
소담촌,1.33
실크로드,3.5
조선화로집,2.0
봉고기,3.0
더족발,3.36
우월소곱창,2.67
서울안심축산정육식당,1.83
고고즉석떡볶이,2.86
백채 김치찌개,3.29
마포족발순대국,3.07
신도림 이도식당,2.81
롤링핀,2.56
문어부인삼교비,2.5
청담이상,3.22
깐부치킨,2.2
신도림참족발,3.19
교대이층집,3.08
좋은아침패스츄리,3.25
장사랑,2.83
쉐라톤디큐브시티 로비라운지바,2.56
라그릴리아,2.58
백미당,3.06
투썸플레이스,2.45
바르미 샤브샤브,3.38
이춘복참치,3.14
빈브라더스,2.83
면채반,2.0
폴바셋,3.21
소녀방앗간,3.41
후와후와,3.22
삿뽀로,2.92
밀탑,2.44
봉추찜닭,2.86
비밀시그니쳐,2.38
101번지남산돈까스,2.67
띵크커피,2.64
퍼틴,2.25
찬장,2.82
신승반점,3.75
이스트바이게이트,2.69
에이스커피,1.0
행운의집,3.4
돈까스클럽,3.0
도네누,2.0
비어펍,2.5
한라참치,1.0
새벽집양곱창,3.0
히어로스터,2.5
스시웨이,2.53
유케야,2.33
라무진,2.75
그린바스켓,1.2
생활맥주,2.25
평양냉면,3.27
도르가마카롱,2.25
준초밥참치,2.67
카츠곳간,3.2
왕코등갈비,3.33
구씨네매운집,3.0
크랩프트,1.67
새로이,2.0
카페몽글,2.33
정겨운집,2.5
강촌숯불닭갈비,3.4
하우돈곱창,3.1
꼼이네,2.4
송주불냉면,2.0
시오,2.0
테루,2.0
부벽루,2.0
아이덴티티커피랩,2.0
만해횟수산,1.0
참조은순대국전문점,2.0
등촌샤브칼국수,3.08
만복영양솥밥,1.67
부뚜막청국장,3.36
가원양꼬치,3.0
방다방로스터스,0.5
레시피타운,2.83
밀앤비스트로,3.75
밀주방,1.5
구삼이,2.5
대림원조마늘통닭,1.67
탐나는돼지,2.5
종가집,1.5
멘무샤,2.67
갓파스시,2.6
최우영스시,2.77
포36거리,2.56
낭만부대찌개,3.5
북촌손만두,2.0
더제이케이키친박스,3.14
해초랑,2.5
밥복끼,1.0
05식당,3.25
신기소,1.0
씨카페,1.75
고마워케이크,2.5
생어거스틴,3.47
철판목장,2.4
보나베띠,2.25
스시메이진,2.86
한옥집,2.8
샐러디,2.0
월래순교자관,2.67
헤비스테이크,2.0
은행나무손칼국수,2.5
이미커피,2.75
빵굼터,1.5
주주네포차,2.0
에머이,2.81
걸작떡볶이,2.75
돌참치,2.67
채선당,3.25
베나레스,2.73
이게국수집,3.6
초밥설,2.0
손오공마라탕,2.83
옛날마차,2.62
호철네족발보쌈,2.0
태백산보신탕,2.5
춘자싸롱,2.73
나살던고향,1.5
경성양꼬치,2.33
공사중A,2.5
육식예찬,2.86
골목길,2.5
신림춘천집,3.06
화양가옥,2.75
미쓰족발,3.0
맛찬들왕소금구이,3.14
메이비,3.09
니와참치,2.25
한판소갈비,2.88
담소사골순대,2.75
경양카츠,3.07
박용석스시,2.12
담미온,2.5
라마노피자,2.64
마피아피자펍,3.17
입춘,3.17
고바우덩어리생고기,3.0
우리들숯불갈비,2.0
도림상회,3.0
상하이포차,3.0
아씨펍,2.44
아고스토 타코스,2.0
스쿰빗33,2.83
청해진수산,3.5
밀리,2.58
다트엔젤스,2.0
황제왕족발,2.4
숙성의미껍데기,2.75
고기굽는방앗간,2.0
곱창역,2.25
올때컵파스타,2.0
팔칠닭강정,1.8
신선도,2.0
말뚝곱창,3.05
미정국수0410,2.0
경식이네,2.0
시골통돼지볶음,2.5
인디오븐,2.5
뒤뜰,2.83
메이로드,2.5
태기산더덕순대,2.6
까페봉주르마담,2.25
왕뼈감자탕,2.0
데일리 스위츠,3.25
아빠의 바게트,2.33
브레드스팟,2.92
무드쉐어,2.91
경성초밥,3.77
표준커피,2.75
Ddami Coffee,1.5
키노야,3.33
늘해돈,2.0
만취,2.33
공릉회수산,2.6
봉평산골메밀촌,2.5
스시쟁이,2.31
쪼매매운떡볶이,3.19
기린,2.75
네코정,2.62
치어스,2.25
샤오린,2.0
달콤한순간,3.14
던모스,2.69
페페그라노,3.0
브로이하우스바네하임,2.64
뽀스뜨레,2.9
플랫커피,2.0
라라브레드,3.25
알러이,3.0
로지다이닝,3.1
마이브라더스,3.0
멍텅구리즉석떡볶이,2.0
민속주점 동학,2.83
유연카레,3.11
신가네칼국수,3.62
버거투버거,3.53
참누렁소가든,2.0
제형면옥,3.09
스시준,3.14
베트남노상식당,2.5
설국,1.0
마실,1.33
스시하쿠야,3.25
금남커퓌,2.25
1986베이커,2.83
며느리도몰라,3.0
박대박부대찌개,2.67
썸머타이,2.8
전민규의황제누룽지탕,1.75
이자카야모리,2.29
새마을식당,2.0
낙원스낵,3.0
어글리스토브,2.61
제임스키친,2.88
털보고된이,2.33
치치,3.11
한신포차,3.0
본가,2.5
윤씨네족보,2.62
가양양꼬치,2.5
스시초심,3.33
하나미돈부리,3.2
또와순두부수제비,3.2
올드델리,3.14
만원수산,1.67
사카나,2.0
도리연닭도리탕,3.5
인상적,3.0
닭한마리,3.13
공릉곱창,2.6
새우꺾기,3.0
서서방고깃집,2.33
돈부리,2.75
구법원,2.56
홍대개미,2.5
쉐이크쉑,3.17
스시통,2.5
아웃백스테이크하우스,2.91
위안바오,3.27
강강술래,2.71
광성반점,2.7
소문난멸치국수,2.43
제일콩집,2.93
하노이별,2.93
리프노즈드아쉬지,2.6
공릉동 도깨비,3.0
굿피자파스타,1.5
비스킷플로어,2.5
이너모스트,3.18
카페쉔,3.33
아소코,3.33
칸텐,3.4
마롱카롱,2.83
일상다반,3.0
상상과자점,3.13
오누이,3.17
시작이밤이다,2.6
생선까시,3.38
공릉모소리,2.5
미차이,2.0
싱싱오징어바다,2.57
잔월,2.82
공릉우동집,3.13
원조이모네연탄불곱창,2.88
7일간의양심,0.5
리틀파스타,3.54
로지스시,3.0
서브웨이,0.5
아고라커피,3.0
마이디어스윗,3.0
에이엔,3.75
더맛나곱창,3.12
핏짜굽는언니,3.18
유니온커피로스터,3.29
매일파스타,3.5
하나샤브샤브,3.0
당혹,2.43
이탈리안비스트로 쿠오레,2.67
빛나는바다,2.5
향과울림 coffeecacao,2.5
제주몸냥,1.5
가재골수제비,2.83
비와별닭갈비,3.0
대게나라(휴업중),1.0
스시박사,2.0
서가앤쿡,3.15
라공방,3.27
쭈꾸미달인,2.64
이자와,2.94
브롱스,3.0
감각,2.43
Jolly,3.0
노원목고기집,2.75
대가가마솥순대국,2.33
아오리의행방불명,2.86
이오냉면,2.62
구석집,2.5
대머리곱창,3.4
쯔이코,3.44
우애돈카츠,2.86
엄마손칼국수,3.12
두끼,3.36
아비꼬,2.65
곤바,2.67
선학쭈꾸미,3.5
플로레스테이블,2.25
시오코,2.69
쭈꾸미달인2,3.06
디저트카페바미,3.29
샛별제과,3.62
연어시장,3.17
스시다온,3.0
후아나,2.17
무명칼국수,3.53
이층블루스,3.0
엘밭,2.33
버거톤,3.75
토다이,1.33
아늑한주방,3.17
쿡앤밀107,1.67
호접몽,3.15
향림,2.4
라트커피,2.5
나우키친,2.4
크래버대게나라,2.0
유부김밥,2.75
최대섭대박김밥,3.0
문지원의열정스시,3.0
피노키오냉면,3.12
달밭소곱창,3.19
송화강식당,2.5
돈까스먹는용만이,3.31
상계역코코로돈가스,3.17
스윗레시피,3.6
원조닭갈비,2.5
감동식당,2.8
태능고향풍천장어,2.0
애플민트,3.0
테르미니,2.33
소라,2.29
오리마을,1.67
곰파곰파의 뜨라또리아,3.33
원성반점,3.2
감포면옥,1.67
도봉관,3.5
하누소,3.53
참만두,3.33
쉐프마인드,3.2
푸쿠푸쿠,3.5
세컨밀,2.0
광해수산,1.5
찰리네맥주집,2.33
더차우,2.75
맘스터치,2.88
덩어리,2.75
창동짬뽕,2.75
마쯔무라돈까스,3.64
마차이나,2.67
커피엘빈,2.0
모모커피,2.33
맥켄치킨,1.0
매그넘,2.33
스시황,2.0
셀라,2.33
착한전복,2.33
힘찬장어,2.67
피자꾼,2.5
디아망디저트,2.0
경우가,2.0
산도토리임자탕,2.6
성지족발,2.5
온도감,0.5
카페방학,3.0
라스커피,2.5
고기싸롱,2.0
미스터빽실장종합어시장,2.0
풍천장어직판장,2.0
함스브로트과자점,2.86
카페오픈더도어,2.4
스시화,2.4
제이크더레스토랑,2.71
우설화,2.0
쌍문족빨,3.33
599버거,2.8
씨앗플러스,2.4
경복궁,2.0
동해수산,1.5
고기굽는베베,2.33
경성주막1929,1.0
뚱가의정부부대찌개,2.0
미트스타킴,2.0
매일이 기념일,0.5
꽃돼지,2.0
달야,1.0
옛집갈비,3.0
동적불고기,3.17
영즉석떡볶이,2.4
트라토리아진,2.88
미랭디저트,1.5
스시혼,3.0
맥반석조개구이,2.67
블루밍,2.0
뮤즈서울,2.67
쌍문동홈떡,3.5
지니피자,2.5
스마일닭강정,2.8
미미,2.17
이코이,3.2
하나노마카롱,2.6
무궁화로스터즈,2.0
구월십일,2.83
그리너리티,2.67
겨리,2.57
베트남식당,2.33
카페고르,2.11
리틀방콕,2.12
화승꽈배기,2.8
노말키친,2.38
하이쿠,3.53
김화자카페,3.0
마이요거트서울,2.5
가배미혼,3.38
패멩베이커리,3.0
방카,1.0
쌍문동커피,3.5
면장우동,3.6
카페작약,2.86
글림,2.8
호호분식,1.6
포차더쎈,2.0
숲레스토랑,2.5
몽상가 크레이프 전문점,3.12
방학동이야기,1.67
햇살힐링식당,2.71
와스예떡볶이,2.5
에꼴드마카롱,2.67
뻬지아슈,2.5
알레싸,3.29
피자리아150길,3.12
와겐,3.29
호감,2.67
광릉불고기,1.0
카페 152길,3.0
카츠다담,2.5
우리할매떡볶이,3.11
뉴욕베이커리,1.5
곳간,2.5
수정각,3.11
묵은지사랑,2.71
무수옥,3.0
삼오집,2.5
소달구지,3.33
메이다이닝,3.12
이퓨레,2.0
써이포차나,2.75
홍방원,2.67
어랑,2.4
산과산사이커피로드,1.67
영수네감자국,2.25
도봉산양고기,3.29
이자카야빡,2.33
옹기꽃게장,2.4
도봉산커피,2.0
콩사랑두부,3.0
전라도옛맛손팥칼국수,2.0
인디언소울,2.5
88팬케익스,2.5
파린두스,2.0
버거브라더,2.17
메이콴,2.33
은행골,2.79
수수,2.0
정초밥,2.0
주인장이볶은커피,2.0
텐더크래커,2.67
백번가코다리,3.31
코지더힐,1.33
가마봉생고기,2.67
옥류짬뽕,2.67
비스트로슬로우,2.67
카페더로비,1.33
수정궁,3.0
윤짬뽕,3.08
카페306,2.5
봉평메밀촌,2.25
사거리짬뽕집,1.8
복진해물잔치마당,2.5
사이코우스시,2.83
황금성,2.0
엘수에뇨,1.75
도레미분식즉석떡볶이,2.43
산책,2.89
Comfort Cafe,2.75
고씨네,3.06
모람,2.6
누들아한타이,3.0
조이키친,1.5
카페레,2.4
Wake Up Good Night,2.33
도꼬정,0.5
너구리해장국,1.5
언니네키친,1.5
황금코다리,3.0
강남떡볶이,2.5
푸곱야채곱창,1.0
누드곱창,3.2
도본,3.17
더블도어,3.1
세평반부엌,2.33
하이투피플,2.0
멘야코노하카레,3.21
멘부리,2.67
쌍문동판다쓰,3.12
행복김밥,3.0
미소돈까스,1.0
일월생,2.8
카페비,2.5
카페오븐,2.5
명인소곱창,3.0
밀스,2.82
창동두리네곱창,2.57
엉클두,2.2
꿀소담,3.0
포유,2.6
고메즈,2.33
골목식당,2.5
크로네,2.79
포보,2.54
스시해나루,2.94
카페반창고,3.06
미연마라탕,3.19
백수씨심야식당,3.33
고황24시 뼈다귀해장국감자탕,3.31
Mods Place,3.17
유성관,3.17
8 Street,2.69
고기야미안해,2.5
배트콩,3.27
스시선생,3.12
와요,3.12
팔레트,3.33
부산밀면냉면,2.64
루데카,2.0
에잇올리,2.5
푸른하늘,3.0
키친요로시쿠,3.11
아라기,2.67
연어이야기,2.81
방앗간,3.9
춘천메밀막국수,2.62
안동집손칼국시,2.2
열정쭈꾸미,1.75
장안정,3.0
커피나인,2.67
원더월커피로스터스,2.33
맨손의스시 ,3.55
커피그라운즈,3.0
프리카페,2.75
답십리별미,3.64
골목길빵공작소,3.45
술사와,2.83
디어테이블,2.64
백정스테이크바,3.17
망우로30,3.0
베러댄,3.43
빵쌤,2.5
놀부만두,3.0
꽃갈피,3.45
이모네파전,2.81
경발원,3.6
봉이만두,2.0
와레와레쿡,3.0
빈칸,2.33
나정순할매쭈꾸미,2.64
용두동쭈꾸미,3.0
장안면옥,2.6
정편백,2.8
닛시스시,2.62
고래돈가스,3.44
카페파인,2.89
비나,3.0
감초식당,3.4
키라쿠,3.0
히든트랙,3.0
홍릉각,2.33
즐거운맛돈까스,3.09
팬스테이크키친,3.22
혜성칼국수,2.94
마카나이,3.13
서울뼈구이매운족발,3.12
독,2.5
마루샤브,2.0
커피디셈버,1.67
어머니대성집,3.13
동경통닭,2.62
할머니냉면집,3.19
와가리피순대,3.62
코코니주방,2.77
히노하루,1.8
화덕고,3.14
기석일호,3.42
주수사,2.7
이문동커피집,2.91
물고기,3.38
마루기,3.2
깐띤,2.56
포컵스,1.5
고수찜닭,3.19
OTR,2.0
촨커,3.5
튠업,2.0
카페양귀비,3.12
포레스티,3.4
사골마라탕,3.15
컴플리트커피,3.06
양대창구이전문점 왕십리,3.09
대영식당,2.0
일미간장게장,2.71
로이앤벨라,1.5
스시카야논데,3.36
피자메이트,3.0
19뜯고맛보고,2.4
동해루,2.4
1945짬뽕,2.0
늘봄 해물찜 & 손칼국수,2.1
일광쪽갈비,3.7
성천막국수,3.62
우마스시,3.31
해물알탕전문,2.71
은하곱창,3.25
신락원,2.75
완미,3.14
홍콩중화요리,2.0
남원통닭,2.67
홍도야빈대떡,3.22
특별식당,2.57
발리하이,3.07
카페 대즐링,2.56
미뇽,2.55
일곱평,2.92
칠기마라탕,3.23
형제집,3.38
자연밥상,3.75
돈부리청년,2.76
커피디엔에이로스팅컴퍼니,3.12
식닷컴,3.25
카빙당,3.0
수퍼보울,3.43
치보,2.81
카페림,1.8
시카고커리,2.43
비바라비다,2.25
대가참치,2.0
항방양육관,3.17
장안설렁탕,1.0
빈이네곱창,2.5
미스사이공,2.5
King수제만두,2.73
대흥설농탕,3.0
인우초밥,3.17
엔토츠야,2.4
홍능족발,2.9
광주식당,2.88
스시코야,2.33
파델라,3.1
시키카츠,3.32
알로카시아인더테라스,2.62
산해관,3.17
오관스시,3.31
비하인드미,3.0
스타동,3.0
코지인무르무르,2.5
더테이블,3.1
멍군집,3.17
스시고이,3.38
규범곱창,2.75
회기왕족발보쌈,3.0
양자호떡,3.37
컴투레스트,2.94
카페몰로,2.86
큐큐면관,3.08
언차일드,2.56
솔낭구,2.36
호랭이양식당,3.3
79번지국수집,3.19
여기가좋겠네,3.25
17,3.12
고깃집도훈,3.09
카페 비반트,3.0
Coffee Methodz,3.83
진키친,2.29
치맥파이브,2.94
모두랑,2.6
그릭데이,3.19
하마 쌀국수,2.88
제이비파스타,2.8
장군집,3.17
레알라면,3.31
차칸스시,2.85
언니네함바그,3.13
홍곱창,2.92
알로하올라,3.5
아키엠커피,2.0
돼랑이우랑이,2.87
베이크어데이,3.58
영화장,2.94
본가할머니보쌈,2.44
뽀르뚜아,2.75
이상한떡볶이집,3.44
메이크샐러드,3.29
아임파이,3.12
고소운,2.88
르안타이,3.07
39돈가스,2.64
도란도란야채곱창,3.6
허브영양족발,2.73
채홍,2.58
키친502 (휴업중),3.55
시간을 들이다,3.5
72420,3.45
가마솥손두부,2.5
빈빈양꼬치,2.8
신남도수산,1.0
김씨마구로,3.5
당진수산,2.36
부산자갈치,1.5
해태기아,2.88
전라도회양념,1.0
일성수산,3.33
전라상회,3.2
광주무등산,2.86
형제상회,3.12
청양수산,3.82
다독이네 숯불구이,3.27
몽소베이커리앤카페,2.22
오가네팬케이크,2.94
빕스,2.89
취복루,3.0
오꼬노미스토리,3.19
달콤쌉싸롱,3.67
전티마이베트남쌀국수,2.91
와플스,2.57
브레드숨,2.88
야마레치에티오피아,2.67
등나무집,2.92
폼드팡베이커리,2.75
신사,3.0
라시에스타,2.94
미스피츠,2.62
낙성곱창,2.56
페니힐스커피스테이션,3.13
긴자료코,3.29
현고대닭발,2.5
스시로로,3.19
육촌,2.6
막걸리학교,3.54
마왕족발,3.4
탭하우스어반,3.38
일상다반사,3.07
토리고야,3.17
라화방,2.7
디피스트,3.31
팬쿡,2.7
방배김밥,3.12
오센,3.1
애플하우스,2.91
쿠킨스테이크하우스,2.64
호우양꼬치,3.47
경성모밀,2.78
정애맛담,3.5
홍콩참치만두,3.0
정작가의 막걸리집,3.09
오다가다,2.94
초와밥,3.15
아는포차,3.5
사당 토방소곱창,0.67
전주전집,3.06
미소네,3.25
윤공KoreanBistro,1.83
사당광안리,3.0
방배한가람김밥,3.45
스시류,1.67
머치커피,3.17
새우네집,3.0
블랑제리꾸끄,2.88
연가,3.0
노량진할머니왕파전,2.55
신이내린매운떡볶이,3.19
허수아비,3.33
텐카이치,2.38
마마부찌,3.38
꿀꾸랄라,2.64
곱창의전설,3.15
주전부리,3.4
이든돈카츠,2.33
크래프트비,2.0
이태리로간고등어,3.0
가네끼스시,2.83
서평면옥,2.67
신도세기,2.5
탕화쿵푸,2.86
마이트커피,2.5
청년다방,2.8
파파디파스타,2.71
내가찜한닭,2.8
사당모소리,2.82
케이크팝,3.0
올라아보,3.69
아오키,3.12
세녹,2.86
비비엣,2.67
미학당,2.6
취향,2.83
리얼후라이,2.9
블랑제리가마,2.9
모녀신떡&미쓰밀떡,3.22
차녕식당,2.88
조복남,2.2
시너리,3.0
정원분식,3.36
카페브르브르,2.17
요란한부엌,3.81
사당돈,2.75
농부쌈밥,3.19
낯선한식븟다,3.19
시에나에스프레소,3.17
작은피자집,3.1
월하당,3.25
나루,3.5
아시안보울,2.86
아마르,4.0
브레드제이,2.27
투디카페,3.4
상도실내포장마차,3.2
피터패트,3.1
김철용베이커리,2.0
상도곱창,2.6
가춘,3.31
토모니베이커리,3.0
고추동제면소,2.82
바이슨버거,2.73
카페퍼블리코,3.25
몽소,2.8
즉석바지락손칼국수,2.94
계림원,3.0
케이크무드,2.5
브레드덕,3.56
신짱스시,2.56
우부래도,3.44
프라이밋 스테이크하우스,3.27
마루스시,3.75
은희네온집닭떡볶이,2.4
중대양곱창,3.2
사리원,2.87
파동추야,2.9
아바디,2.0
스톤504,3.09
도쿄야네,3.08
더코네,3.0
미하벨,2.89
고렝,3.1
우뇽파스타,2.81
미묘라멘,2.92
유정쌈밥,3.38
리앤홍,2.83
재팔이네닭발,2.2
흑수돈,2.64
수목식당,2.9
성민양꼬치,2.5
반할,3.12
흑석호치민,3.64
쉐즈양,2.43
에프터유,2.25
스프레드,3.21
오시오떡볶이 (휴업중),2.64
대성관,2.87
라듀레,2.78
클라소피,1.75
서일순대국,2.31
상남스시,3.27
알렉스플레이스,3.0
운봉산장양고기전문점,3.25
닭발집,3.17
렁트멍,2.75
사이공리,2.75
HAV,2.86
바야흐로,2.36
필수,3.2
닥터로빈,3.29
뚜스뚜스,3.5
프랑세즈,3.36
나귀와플라타너스,2.4
터방내,2.69
거구장,2.0
진상천,2.9
대박,2.73
장독대,3.69
해랑,2.5
미니자이언트,2.92
준호가만드는즉석떡볶이,2.67
커리야,3.27
오후홍콩,2.93
피자보이시나,3.41
사과나무왕돈까스,3.13
별버거,3.19
테이스티버거,3.25
맛이차이나,3.44
오츠에스프레소,3.06
아소토,3.18
육지,2.86
어반플랜트,3.31
오레노라멘,3.63
야키토리나루토,2.5
카와카츠,3.31
멘야준,3.06
하연옥,3.45
바다회사랑,3.36
아날로그가든,3.4
중화복춘,2.86
랫댓,2.9
랜디스도넛,2.93
몽중식,2.6
홈보이서울,3.07
온정,3.0
베르데,3.25
스시올로지,2.6
228-9 (휴업중),3.12
소이연남,3.6
상해소흘,2.94
과일가게,3.0
뭄미,1.82
망원동즉석우동,3.12
강화통통생고기,3.67
홍어한마리,2.57
카밀로라자네리아,3.19
첸토페르첸토,3.62
쿠리노키제빵,3.29
Quench Coffee,3.06
츄이구이브레드,3.27
남북통일,2.94
리밀커피&밀리,3.5
아각아각,3.0
17도씨,2.94
해피버거데이,3.27
하나라멘,2.81
코코시에나티하우스,2.82
수부니흐,2.87
연어롭다,2.81
리틀파파포,3.12
혼네,3.48
우주옥,3.38
아꽁뜨,2.93
라멘집아저씨,2.69
이요이요스시,2.97
후엘고,3.12
비파티세리,3.12
고도식,1.2
어수선,3.14
단고당,3.0
커피가게동경,3.24
미완성식탁,2.8
일등식당,3.44
녹기전에,3.38
엘리스리틀이태리,3.32
탑클라우드23,3.12
돈카츠준,2.75
계고기집,3.12
고메오드,3.62
기노,3.09
프릳츠커피컴퍼니,3.17
조용한저녁,3.5
산울림1992 (휴업중),2.94
연남살롱,3.4
티크닉,2.88
얼스어스,3.55
요코쵸,3.0
야키토리 미식,2.55
야경,3.25
포가,3.1
전주상회,3.88
오복수산,3.15
코메아벨렘,2.55
사월의물고기,3.44
르규옹,3.17
소점,3.19
파롤앤랑그,3.44
교다이야,3.27
을밀대,3.14
옥정,3.2
김광석 신촌칼국수,3.06
평안도상원냉면,2.73
쿠차라,3.32
카와카츠오토코,2.75
손오공 마라탕,3.19
합정옥,3.38
파이리퍼블릭,3.47
더다이닝랩,2.73
오스테리아샘킴,2.94
스파카나폴리,3.31
쿠이신보,3.1
요요스시,3.0
옥동식,3.0
세상끝의라멘,3.69
태양커피,3.08
듁스커피,3.19
카페비하인드,3.12
빠넬로,3.31
사루카메,3.12
헬로인디아,3.38
제스티살룬,3.29
브레드럼,3.88
미야자키상점,3.67
1989버거스탠드,2.8
리틀빅토리,3.06
쿠루미,3.27
다엔조,3.12
연교,3.25
냉장고,2.88
상수동카스티야,3.44
뭄알로이,3.0
멘타카무쇼,3.18
예티,2.62
닭꼬얌,3.36
비스트로주라,3.12
지로우라멘,3.06
진만두,2.94
더리얼치즈버거,3.43
마시타야,3.6
아이엠어버거,3.4
쥬마뺄,3.19
하꼬,3.0
홈프롬귀,3.33
우리바다수산,3.25
너랑나랑호프,3.29
쉐시몽,3.07
멘지라멘,3.0
앤트러사이트,3.38
라바즈,3.4
헤키,3.5
소금집델리 망원,3.0
장화신은고양이,3.44
블루쿠치나,3.3
마리오파스타,2.75
키오스크,3.06
함반,3.71
퓨전선술집,3.31
둥둥막창구이,3.0
최강금돈까스,2.81
담택,3.36
조선화로구이,3.1
리치몬드과자점,3.19
칼라스커피 로스터스,3.1
진진가연,3.0
젤라떼리아 에따,3.0
온돈부리,2.53
부부 드 꼼뜨와,3.31
리플로우,3.0
Osteria Ora,2.94
진진,3.6
오흐뒤구떼,3.52
한림돈가,3.35
이치류,3.02
멘야하나비,3.55
램랜드,3.19
신세계,2.42
원마산아구찜,2.88
장가네곱창,3.45
청기와타운,2.95
원조 조박집,2.67
마루심,2.93
아키야라멘,3.0
양송이식당,3.73
우동 이요이요,2.81
토파,3.13
당도,3.06
이치젠,2.25
미에우,3.25
잇텐고,3.27
라무라,3.25
덕이손만두,3.19
프로그,2.8
천지양꼬치,2.27
세잔,3.0
과자산책,3.0
고타이,2.94
크레이지카츠,3.19
프롬하노이,2.75
복덕방,3.25
미자카야,2.31
비스트로망원,3.0
코코부코,2.94
카카오다다,3.33
라오삐약,3.12
웨스트사이드,3.38
락희안,3.59
맛있는집,2.81
텐조,3.28
망넛이네,3.44
고바우집,2.44
라구식당,3.69
벽제갈비,2.5
대명꼬기,3.5
비아 메렝게,2.7
피망과토마토,3.27
헌치브라운,2.73
초코블로썸,3.44
완차이,2.93
미스터서왕만두,3.19
문베어,3.38
가타쯔무리,3.45
에이테이블,3.56
파파브레드,3.25
디폴트벨류,3.25
만냥하우스,3.0
TMOON,3.17
가마마루이라멘,2.81
닭내장집,3.09
신흥떡볶이,2.93
타코몽,3.0
연희김밥,3.04
북성해장국,3.0
훈카츠,3.19
아콘스톨,2.43
영미김밥,3.81
야채를담다 ,3.87
탕화쿵부,3.2
호밀밭,2.6
경성팥집옥루몽,2.94
로드샌드위치,3.38
스탠바이키친,3.91
리틀쿠바,3.44
보울룸,3.19
독수리다방,3.09
웨어아위,3.31
1987피자,3.36
바틸트,2.67
대포찜닭,3.31
94단,2.67
씽킹인사이드더박스,3.19
공복식당,3.1
뉴타운,3.06
방콕익스프레스,3.44
연어초밥,3.0
통통돼지,3.06
또보겠지떡볶이집,3.25
소담식당,3.06
로실링,3.38
맘맘테이블,3.19
클로리스,3.55
칼,3.18
마이시크릿메이트샤리마,2.77
이빠네마 그릴,3.12
홋카이도부타동스미레,2.69
키친31,3.06
길상양꼬치,2.73
소신이쏘,2.81
조선의육개장,2.8
파이홀,2.47
여우골초밥,2.62
정육면체,3.18
파티오,3.12
돈불1971,3.33
통큰갈비,3.19
담산,3.0
아마,3.31
타이완소야,3.09
고래파스타,2.17
송아저씨빈대떡,2.92
딴따라김씨안씨,2.93
카라멘야,2.69
연탄생고기파는이층집,3.94
삼양양꼬치,3.14
야바이,3.0
타코로코,3.17
고삼이,3.25
네이버후드,3.12
Mr Lee,2.88
배바위양곱창,3.11
인생이막창이네,3.27
육회본가,3.5
바코드,2.91
녹스 진토닉바,3.5
김판석초밥,3.44
연희일품향,3.36
노아스로스팅,2.94
스시마쯔,3.45
우동카덴,3.5
이자카야카덴,2.75
만동제과,3.17
편의방,2.6
백색소음,4.0
연희동양꼬치,2.83
홍대삭,2.69
센트그릴 BBQ,3.25
피자앤플랫,3.44
오디너리핏,2.92
행복감,3.91
페퍼민트패티,2.81
컬러드빈,3.36
마우디,2.73
매뉴팩트커피,2.5
에브리띵베이글,3.0
폴앤폴리나,2.93
스웨이커피스테이션,3.31
크래프트비어칸,3.19
비하인드리메인,3.12
프리쏭,3.33
금옥당,3.12
콜드레시피,3.0
호천식당,2.69
목란,2.56
뉘블랑쉬베이커리,3.45
Thursday Stuffing,3.55
녹원쌈밥,3.45
고미정,2.56
파올로데마리아,3.17
리히트케이크,3.53
연남장,2.67
올레무스,3.45
주반여름,3.0
월순철판동태찜,3.75
에노테카오토,3.38
제니스카페,3.55
오향만두,3.5
연희미식,2.82
책바,3.5
떼뮤즐렛,3.81
걸리부,3.27
정리의밤,2.6
코블러 연희,3.0
진미,2.83
청송함흥냉면,2.94
르솔레이,3.06
크로키,3.08
독립문맛집,2.8
더 풍년,2.64
란주탕슉,2.73
티앙팡오후의홍차,3.5
까이식당,3.0
하늘초밥,3.2
내사랑,3.36
소바야린,2.76
삭,3.0
쏘이54,3.12
유야케도쿄,3.05
와플잇업,3.31
너스레,3.86
포케포케,3.45
63 프로방스,3.38
심플리키친,3.57
마더린러베이글,3.25
천진분식,3.06
라이프커피컴퍼니,3.19
원앤온리커피,3.21
비밀,2.91
카페페라,3.25
가미분식,2.88
세아마라탕,2.75
원즈오운베이커리,2.7
더파니니,2.8
여래여거,2.5
빵사이에낀과일,2.5
파가니니,2.81
꼬끼오분식,3.0
벨라프라하,3.25
비아37,3.67
화명당마라탕,3.25
반서울,3.0
이세계는놀이터예요,3.67
솔리드웍스,2.5
오리지날분식,3.17
컨시어지 커피,3.31
탭스터,3.27
희게,3.38
포포브레드,3.0
롱보트스모커,3.5
스시 소우카이 (휴업중),3.33
어라우즈,3.0
위드미치코,3.0
다이닝후,3.4
에뚜왈,2.9
아바이왕순대,2.22
서대문족발,3.47
안춘선갈비배추탕,3.19
슈토3 슌야,3.33
꿉당,3.27
영동설렁탕,2.95
따뚱,3.13
도마베이커리앤테스트키친,3.73
자인뭉티기,2.78
채석강,3.33
임병주산동칼국수 ,2.81
삼호복집,3.5
장꼬방,3.31
강남명전,2.6
어메이징타이,3.33
시골야채된장,3.38
진대감차돌삼합,2.6
부엉이,2.75
진동둔횟집,2.67
의정부평양면옥,3.0
테루아,2.83
상아김밥&떡볶이,3.0
꽃볶이,3.33
한성돈까스,2.86
프로간장게장,3.25
멘쇼쿠,3.33
신사 고집,3.82
파운드 로컬,3.12
쉐맘,3.27
슈엔,3.07
백년옥 ,3.25
영동족발,2.94
티에리스 티스탠드,3.0
백년옥,2.62
레프레미스,3.44
치코,2.77
태국식당356,3.53
하세담,3.12
소호정,3.25
줄리에뜨,3.38
도우룸,3.33
주,2.94
미국식,2.92
스시만,2.64
라모라,3.25
시올돈,3.06
더리버,3.17
바베큐랩,2.91
라비드쿤,3.69
소울브레드,3.55
훈우영,2.0
루스티크,3.13
캔프 치킨 (휴업중),3.5
아이스시,2.45
제주성산포바당,2.64
동신면가,2.94
서초면옥,2.73
3대삼계장인,3.31
세광양대창,3.06
스와니예,3.33
모멍데모시옹,3.33
10월19일,2.94
오프레,3.4
메종조,3.44
봉산옥,3.31
피제리아호키포키,2.81
귀일만두,2.0
카페무세띠,3.6
와일드플라워,3.22
메종엠오,2.94
리프레셔스,3.8
봇타야산,3.27
데일리소유,2.83
스바루,3.5
바른식시골보쌈감자옹심이,2.69
맛집부추곱창,3.0
카페로우슬로우,3.19
릿잇타미,2.94
민이네식빵,3.44
남궁야,2.29
키세츠스시,3.0
거북이,3.64
헬무트커피로스터스,3.19
신숙,3.5
우진가,3.25
들름집,3.32
FOURB,3.35
호호식당,2.43
카리,3.0
금강바비큐,2.83
테이블포포,3.0
타쿠미곤,2.69
볼라레,3.4
마얘,3.25
스시고,2.88
스시쇼우,2.88
밴건디 스테이크 하우스,3.44
윤,3.27
옥토스,3.29
멘카오리,3.0
아티장베이커스,3.13
오뗄두스,3.23
푸드더즈매터,3.18
브루클린더버거조인트,3.61
스시타노,3.06
카페드앙떼띠,3.19
라씨에트,3.18
영스타,2.64
한우다이닝 울릉,3.06
서초양식당,3.12
손욱정힘불끈황소곱창,3.69
우나유,2.11
아트메이저,3.31
노스티모,3.25
스시코에,3.09
백화요란골동반,2.94
스시소라,3.0
스시 윤슬,3.36
스시카루,3.36
월량,2.67
싱싱오동도산아나고꼼장어숯불구이,3.33
메를로,2.57
로리스더프라임립,3.12
오리에,3.44
이누식당,3.5
라바트리,2.6
설눈,3.06
공간21,3.29
한성양꼬치,3.2
쿤쏨차이,3.38
서관면옥,3.73
밀갸또,3.31
장티크,3.0
반티엔야오카오위,3.2
육품,3.0
모범갈빗살,2.93
낙원타코,2.69
카츠8,2.94
청류벽,3.4
서동한우,3.43
타짜도르,3.0
소브레메사,3.12
일일향,3.0
고깃집열,3.31
루엘드파리,3.31
스시마카세,3.18
더진미평냉,3.88
소울버킷,2.85
앙띠크,3.0
가츠오,3.0
고스트요거트,3.25
하레,3.06
카페 원,3.25
플레이버즈,3.38
더 마고 그릴,3.0
딤딤섬,3.44
자니로켓,2.69
르타오,2.8
비스테까,2.94
베이크,3.24
한우리,3.25
젤라띠젤라띠,3.25
차알,3.12
담은,2.91
미소의집,2.86
유나기,2.83
신이주신선물오리고기,2.3
한신치킨호프,3.38
제이에스가든,3.27
돈키,3.0
봉평고향메밀촌,3.25
갈쿠리와소쿠리,2.64
강남따로국밥,2.94
버거베어,3.5
박경자식당,2.73
한양돈까스,3.0
호피덕,3.19
코아손만두,3.25
멘야시노기,3.12
비너스본사건너편갈비살,3.0
한소반,3.5
곤드레집,2.88
다피타,3.62
스시금강,3.0
천년식향,3.27
김영모과자점,3.06
홍미단,2.88
노트르비,3.18
스시려 프리미엄,2.45
제일곱창,3.38
왕십리정부네곱창,3.11
멘텐도,2.6
피어커피로스터스,3.12
윕 성수,3.82
우오보파스타바,3.38
maat,3.2
마테오견문록,3.62
키친우라와,3.0
아니스,2.86
디핀옥수,2.33
카터알망,3.3
테이퍼드커피,3.5
패딩턴,3.22
부부요리단1탄 제주흑돼지갑오징어,3.06
일품생고기,3.38
퍼주에,3.31
오부이용,3.31
아우프글렛,3.09
도믹스,2.64
마하차이,3.62
바위파스타바,3.0
색다른면,3.53
시옹마오 (휴업중),2.71
인더매스,3.33
목포산꽃게아구찜탕 (휴업중),3.25
본앤브레드,2.83
갈십리,3.5
여우주막,3.17
삼일정,2.6
더클래식,2.92
악어떡볶이,3.0
동방양꼬치,3.13
한양대신닭발,3.4
버거쑈,2.69
팀메리,3.0
U U COFFEE,2.94
달바,2.88
뺑드미,3.06
핏제리아 달 포르노,3.2
SUSHI702,2.2
대도식당,2.17
다시올치킨,3.23
라리에또,3.0
커피식탁,2.94
얼룩,3.2
누메로도스,3.38
스시오오모토,3.4
마구로쇼쿠도,3.18
토라식당,3.38
코타티,3.88
모멘토브루어스,2.94
하루노유키,3.0
맛차차,3.36
Ndd,3.62
센터커피,3.44
하노이바게트,3.2
엘더버거,2.88
5to7,3.53
포지티브,3.0
빵의정석,3.83
이월로스터스,3.21
성수베이킹스튜디오,3.0
하프커피,2.79
더즌오이스터,3.33
유가츠,2.33
빌로우,2.88
플레이버타운,2.6
쵸리상경,2.73
낙원테산도,2.8
아울림,3.57
꾸아,3.12
라멘오야지 (휴업중),3.19
청죽골식당,3.25
정선부뚜막,3.38
하노이102,2.62
ㅊa,3.0
올드나이브스,3.0
서울앵무새,2.83
일구공,2.8
메쉬커피,3.26
다로베 (휴업중),3.43
티룸,3.33
조개도,3.43
카멜 커피,3.37
큐뮬러스,3.94
소소하게,3.36
르프리크,3.23
높은산,3.29
우콘카레,3.38
목로다방,1.71
인디카,2.33
인덱스카라멜,2.91
메이플탑,2.73
보다성수,2.57
세스크멘슬,3.06
쿠소이,3.0
레이어57,2.94
굴림,3.18
헤이보울,2.94
멜로워커피,3.38
옹근달,2.94
키베이커리,3.5
누메로뜨레쓰,2.94
오레노카츠,2.5
와하카,2.81
벱,2.8
어메이징브루잉컴퍼니,3.06
발렁스,3.12
잇샐러드,3.08
에르제,3.45
뚝도농원,2.5
에이투비,3.38
버거보이,3.67
원기옥,3.0
카모플라쥬,2.82
성수족발,2.75
어니언,3.26
프롤라,3.55
스탠드업플리즈바이턴온,3.56
로우키,2.93
카페노티드,3.17
미오도쿄다이닝,3.31
이오로비스트로,2.94
쿠나,2.45
미아논나,3.0
소바식당,3.13
도렐,3.09
오스테리아 쟌니,3.14
보이어,3.0
positive zero LOUNGE,2.94
이태리차차,2.75
오드투스윗,3.33
가조쿠,3.0
스탠서울,3.0
카페연무장,2.54
넛츠버거,3.08
백정돈공장,2.64
다포케,2.86
쓰리오브어스,2.81
성수부두,4.14
뺑드에코,3.38
소문난성수감자탕,3.19
나누리잡화점,2.9
TBD,2.4
컨템포,2.17
우동가조쿠,3.04
미도림,3.55
훼미리손칼국수,2.83
팩피,2.44
키커피 컴퍼니,2.88
몽쥬빠티세리,2.4
소랑호젠,2.44
팜티진,2.86
한냄비,3.19
티핀,3.69
밀도,3.0
미디엄스톤,3.5
카페테리아 라루나,3.09
바이 레인,2.55
녹마이,2.56
온더,3.31
프라이데이무브먼트,3.25
야마타니우동,3.07
봉순이네다락방,2.62
춘향미엔,3.6
엽기꼼닭발,3.19
돈까스전원,3.17
만나떡볶이,3.0
멘야코노하,2.75
카린지 ,3.29
로우커피스탠드,3.38
버섯집,3.56
더파머스카페,3.81
기연각,2.88
모찌모찌,3.44
스탠다드 빌라,2.33
옥수동 화덕피자,3.19
옥정김밥,2.75
제이드앤워터,2.64
마이 314,3.4
더코너키친,2.93
이스파이,2.67
로컬릿,3.44
청춘극장,2.92
만두전빵,3.25
꼬랑치킨,2.83
푸줏간생고기점,3.62
왕십리오리사냥,3.25
소미연,3.57
황산냉면,3.18
송파감자국,3.19
라쁘띠,2.29
수망,3.1
피치그레이,2.82
엄지손칼국수,3.4
장칼집,3.33
홍종흔베이커리,2.73
모범가츠,2.6
라치오,3.5
프라자손칼국수,3.33
송쉐프,2.81
그릴210버거,3.33
자몽하다,3.17
이치고,2.83
트레스드,2.88
하얼빈양꼬치,2.8
라미아파밀리아,3.0
사카바게라게라,2.78
수수앤핫커리핫도그,3.33
피제리아다븟,3.14
오로라경양식,3.12
쥬뗑뷔뜨,3.36
르빵,3.16
팻어케이크,3.25
야끼소바니주마루,3.19
씨젬므쥬르,3.18
모토쿠라시,2.69
젤라떼리아도도,3.27
바베네,2.81
벨라스 가든,3.25
그리지하우스,3.27
오스테리아세콘디,2.62
사사노하,2.78
콘메,3.62
뷰클랜드,3.48
리프커피바,2.17
라뿔,3.0
카페페퍼,3.0
프레스커피,2.5
오쓰세이로무시,2.89
도요스6가,2.33
갓잇,3.19
레브어,2.55
피자네버슬립스,2.71
단디,3.25
세련,2.33
얼터너티브,3.06
옥기린,2.9
만족오향족발,3.36
신천샤브칼국수,3.33
알라딘의양고기,2.45
부산양곱창,2.88
도삭면공방,2.5
늘푸른목장,2.88
오징어세상,3.0
흥도식당,2.62
스시야츠,3.33
유원설렁탕,3.27
미타우동,3.17
스시다원,2.69
정라멘,2.94
콰이어트 크림티,3.07
부일갈매기,3.27
코스모스시,3.27
안재식당,3.17
Murmur,2.38
연백냉면,2.67
조광 201,3.0
스시산,3.12
일도씨찜닭,2.17
뉴질랜드스토리,3.33
라이언하트,2.91
위커파크,2.88
타코비&치즈볼,3.12
효모,2.78
파오파오,3.33
홍코너,2.44
홍팥집,3.12
오향가,3.24
라오빠빠,3.5
가락골마산아구찜,2.81
무국적 식당 주철,3.0
혜영식당,3.38
진성한우곱창,2.94
밀각,3.38
함경도찹쌀순대,3.0
냠냠물고기,3.0
본투비블루,2.57
코끼리 the salad cafe,3.4
카페싱송,3.36
오린지,3.36
디저티스트,3.64
잠수교집,3.65
용기수산,2.75
온달수산,3.06
스시작,2.29
봉피양,3.68
개군할머니토종순대국,3.44
큐스시,2.67
프레드릭베이커리,2.47
할머니포장마차멸치국수,3.69
차고버거,3.33
가일,3.19
진대감,2.45
파티세리도효,2.94
미엔아이,3.33
팔각동(휴업중),2.94
오키나와블루,3.0
신양로스터스,3.55
부부횟집,2.67
바삭한식당,3.56
방이샤브샤브칼국수,3.38
옥돌현옥,3.45
초이스시,2.93
바토스,3.33
도림,3.22
콩카페,2.78
한양중식,3.0
팀호완,3.56
공주떡집,3.0
베테랑칼국수,2.93
파스퇴르 밀크바,3.0
라세느,2.97
파티세리김영모,3.06
이성당카페,3.5
길리안초콜릿카페,3.5
포숑,2.73
소울컵,2.33
바이킹스워프,3.31
파스퇴르밀크바,3.12
뉴오리진,3.08
대중음악박물관,3.0
옥인피자,2.94
가렛팝콘샵,3.38
키친205,2.5
브럭시,2.75
원조공주떡집,3.38
피에프창,3.44
시그니엘 서울 더라운지,2.38
비채나,2.82
촙촙,3.4
겟썸커피,2.88
카페 앙떼띠,3.9
해주찹쌀순대,3.3
마라고메,2.85
동래별장,2.88
별미곱창,2.5
소담정,3.12
육화식당,3.24
공룡떡볶이,2.86
더마칸,3.17
송계옥,3.4
청화초밥,3.12
니꾸바시야,2.85
서두산딤섬만두,2.5
카레바시야,3.0
츠쿠모,3.07
세이류,4.18
연어식당,3.27
시부야돈까스,3.14
라멘쨩,3.44
콩당콩당,2.94
몽중헌,3.0
라미옥,2.29
스타쉐프 바이 후남,2.67
한아람정육식당,2.73
청와옥,3.06
산들해,2.94
골든타이,2.2
정목누룽지백숙,3.25
Le Sud Seoul,2.93
살롱드쥬,3.17
렌토,2.3
육분삼십,3.25
포유티,2.88
조용,2.4
브로버거,2.5
춘향골남원추어탕,2.87
프로퍼커피바,3.12
토키야,2.92
더이탈리안클럽,3.0
이경진우렁쌈밥정식,2.62
이낙근찹쌀떡베이커리,3.69
동락,2.6
버터램,2.38
황금오리농장,3.17
착한낙지,2.62
건강한네모의하루,1.75
퍼블릭맨션,2.8
엉털네숯불꼼장어,3.06
싸가정곱창,3.0
빵카페,3.0
카페 제하,2.73
엉짱윤치킨,2.55
본빠뜨,2.5
스프링클베이글,2.67
아리네,3.17
로바타미숙,2.5
쌍둥이네수제비대합탕,2.33
일미락,2.81
에프스토리,2.62
쿠마카세,3.25
강릉스낵,2.75
삼정,2.2
고양이부엌,3.12
매드포갈릭,3.07
스시벅,3.25
c27,2.4
오모무끼,2.0
도원스타일,3.0
베즐리베이커리,1.8
엘리스파이,2.75
스쿨푸드,2.61
칸지,3.6
팔각도,3.11
알콜트리,3.0
토마틸로,2.67
코코이찌방야,2.56
곤드레밥집,3.8
스시노미찌,2.5
월촌도야지,2.5
라고파스타,2.33
파리크라상,1.5
베르비에,2.88
타르타르,2.5
훠궈야,3.0
송추가마골인어반,2.33
고래아방,2.0
일도씨닭갈비,3.05
푸오꼬,2.25
구텐,2.25
포레스트 카페,3.0
해밀,3.17
이탈리아국립피자학교,1.67
대합탕수제비포장마차,3.0
토다이U,2.55
나폴레옹과자점,2.85
잭슨피자,3.0
가정경양,2.57
다채샤브,1.5
금성수제돈까스,3.0
아재식당,2.6
평미가,3.31
억조1978,3.0
임꺽정김치찌개,2.62
빈티지오목,2.0
젠틀한식탁,3.38
좋은아침 PASTRY,2.55
린궁즈,3.14
젠틀카롱,2.62
죠스떡볶이,2.17
가랑삼계탕,2.79
달달애,2.83
우곳간,3.0
사눅 타이,2.75
초한초마,3.0
이름없는파스타,2.84
커피별녹색잔,2.75
옥천집,3.0
모모메이드,2.5
만담상점,3.32
피슈마라홍탕,2.8
씨포,3.33
가쯔레쯔,3.2
클래시빈,3.4
오목집,3.09
따순기미,2.83
와인zip,2.33
동천홍,1.5
댓짱돈까스,2.86
TOV COFFEE,3.25
히노야마,3.36
고래맥주창고,2.5
슈크레동,2.17
원조쌈밥집,2.75
오부장치킨,2.4
설악산칡냉면,1.6
커피탐이나,1.0
카페슬로웨이,2.0
강모집,3.33
신야텐야,2.25
홍가네달마을,1.0
우직,3.5
할범탕수육,3.11
골목집,1.33
동그라미곱창,3.17
오봉집,2.62
어가촌,2.25
홍마방,2.64
미시락칼국수,3.5
스시경,2.75
최고갈비,2.0
육회로,2.25
개성집,2.89
회기버거,2.25
봉평메밀막국수,1.67
피자알볼로,2.33
항아리보쌈,2.5
오카에리마카롱,2.5
이조면옥,2.88
박가네들깨칼국수,2.71
모이자포장마차로,3.0
타코벳,3.73
펍피맥,2.69
모두랑즉석떡볶이,1.5
아마또,2.5
천사곱창,2.6
마나쯔(휴업중),3.0
목동장어타운,2.67
하남돼지집,2.0
오지상노카에루,3.33
진아구,2.0
주전,2.0
김선장참치,1.67
아티제,2.4
초가집부뚜막청국장,2.0
카멜리온,2.7
한스,2.93
토겐,2.0
더아리엘,3.11
빌리지브라더,2.0
스시다마,3.83
창평가마솥순대국,3.33
아웃랜더스,2.0
크래프트한스,2.0
육즙,2.75
곱창이야기,3.07
해몽,2.82
라헬의부엌,3.6
와인ZIP,2.67
야키토리토리야,3.22
더브라운,2.86
오희,2.4
파티세리소나,3.09
밥초,2.45
아모르버터,3.38
반쌥,3.25
특별하면돼지,3.11
팔삼돼지,3.0
천미방마라탕,3.33
뉴웨이브커피로스터스,2.5
쿠마카레,3.27
코구마스시,2.8
해남뻘낙지,1.33
스시범,2.8
제주연탄고기,2.5
카페정류장,2.0
파스타농장,3.17
함가네토종순대국,1.5
니코리,1.8
훈,2.0
황소곱창구이,3.0
살구나무집칼국수,3.31
알리커피,2.33
목동찹쌀호떡,1.6
목동버거,3.38
쌍계명차티하우스,2.67
목동쿠시,2.33
언니김밥,1.75
채윤희,3.18
워킹온더클라우드,3.19
백리향,3.18
대한옥,3.06
에베레스트,2.91
아우어베이커리,2.57
포프트커피,3.5
카페1953위드오드리,2.33
그믐족발,3.18
나폴레옹제과점,3.44
카페마마스,2.85
테이스팅룸,3.47
더스테이크하우스,3.25
삼거리푸줏간 Blue,3.18
아트리오,3.0
패트릭스와플,2.65
바스버거,3.38
가양칼국수버섯매운탕,3.12
울림,2.7
서울커피,3.62
아이엠베이글,3.06
진가와,2.73
더미,3.08
배꼽집,2.87
창고43,3.2
진주집,3.38
이와타,3.0
후루룩,3.0
그린버킷,3.0
스시아라타,3.13
모던눌랑,2.75
카페진정성,2.73
경천애인2237,2.67
진진만두국,3.52
앤티크커피,2.8
은성감자탕,3.58
당산오돌,3.12
나카지마고에몽,2.64
화해당,2.56
왕왕샤브샤브,3.14
김명자굴국밥전문점,2.91
고봉삼계탕,2.82
스시미소,3.17
정인면옥,2.5
켄싱턴호텔 뉴욕뉴욕,2.17
브로드웨이,2.75
텐진라멘,2.81
우동가게,2.62
우미노미,3.31
이조보쌈,3.0
기찻길연탄불생고기,3.0
월화고기,3.47
마스터비엣,3.14
헬로포멜로,2.67
노버든,2.67
사비문,3.0
언아이콘,3.14
모닝캄커피랩,2.88
크로닉,2.89
대관원,2.82
프라우커피,2.8
욥,3.31
당산뻘,2.73
롱타임노씨,2.6
허브족발,3.62
두더지손가게,2.88
산호키,3.11
홍중샤브뷔페,2.42
호수삼계탕,3.06
올드문래,3.44
양키스 피자,3.73
웨이브스,3.5
양키스그릴,3.5
도쿄라보,3.33
쉼표말랑 ,2.87
포도술,3.71
갈빗,3.17
평화,3.6
비바리움,3.0
비어포스트바,2.67
로라멘,3.19
에프터워크클럽,2.6
카페솔트,3.0
통통,2.29
양키통닭,3.31
소문난식당,2.44
영일분식,3.56
왕기마라향과,3.17
봉선마라탕,3.06
공주칼국수,3.0
줘마양다리구이,3.07
헤비로테이트,3.44
사천요리기와집,2.17
쉐프조,2.93
숙달돼지,3.1
덕원,3.38
코끼리베이글,3.1
코끼리샌드위치,3.71
서울초밥,3.38
타이문,2.88
또순이네,3.09
플래브,2.71
동해반점,3.27
삼거리먼지막순대국,3.5
신풍낙지세상,3.0
베르두레,3.93
시즌커피앤베이크,3.44
원조우렁된장너도나도식당,2.8
오도시,3.4
까치네분식,3.11
엘카페커피로스터스,2.81
선유우동,3.2
온수반,3.5
피크니크,2.56
영원식당,3.38
아루히,3.27
신동양반점,3.12
을지다락,2.4
대오옛집,2.55
오드펠로우즈,3.0
콘디토리 오븐,3.0
로라스 블랑,2.8
미켈레 커피,2.2
번패티번,3.12
로바,2.38
효뜨,3.48
슈퍼말차,3.0
더플레이트디저트,3.43
테일러 커피,3.36
카페 레이어드,3.06
호우섬,3.2
아르켓카페,3.0
제네랄드링크샵,2.4
베즐리,2.0
크리스피프레시,3.2
더아트리움라운지,3.17
세상의모든아침,2.62
신원,2.64
피그인더가든,2.88
야마야,3.08
올라6,3.47
스시온정,2.73
그레이에스프레소,3.12
화목순대국,2.56
브레드05,2.25
파낙스,2.82
라케이브,3.38
여의도따로국밥,3.27
하쯔호,3.44
카레오,3.38
호박집,2.62
전봇대곱창,3.25
보사노바 커피로스터스,3.18
맨홀커피,2.17
서민준밀밭,3.11
오월의종,3.39
콜렉티보,3.27
커피리브레,2.94
마호가니커피,2.73
일미집,3.75
팥이재,3.2
대문점,2.7
부일갈비,2.5
커피기업,3.03
그리너리샐러드,3.45
타마스시,2.93
쿠치나후,3.0
에덴식당,3.69
어만두,3.27
오헨,3.44
그리츠,3.0
구이구이,2.94
비엣남,3.08
퍼스트플러스에이드,2.5
탭퍼블릭,3.22
오복수산참치,3.0
삼씨오화,3.0
업사이드커피,3.0
명동교자,3.48
더버뮤다,3.31
네키드윙즈,3.33
맥파이,2.8
내추럴하이,3.55
르페셰미뇽,3.47
페트라,2.94
코레아노스키친,2.5
지노스뉴욕피자,3.31
이태원소주집,3.0
매니멀스모크하우스,3.47
누랑즈뉘,2.73
제주식당,3.44
시멘트,3.36
Pussy Foot Saloon,3.13
한방통닭,3.38
샐러드셀러,1.67
아러바우트,3.12
부첼리하우스,3.27
쥬에,3.56
미트로칼,3.62
밥한끼,3.5
한와담블랙,2.18
엘초코데떼레노,3.45
애프터8,3.33
알레즈,3.38
REVEAT,2.83
구복만두,3.0
스티키리키,3.06
원효림,3.0
이치즈,3.5
Meatique,2.64
몽탄,2.62
용산양꼬치,3.5
플랜트,2.45
하시엔다,2.69
베쓰푸틴,2.94
단골집,3.0
쟈니덤플링,2.96
박소린두깜풍,2.71
창성옥,2.95
서울케밥,3.0
손문,3.6
뽀르누서울,3.62
바이두부,3.5
우라만,1.83
피자오,2.93
팻캣,3.54
쿠촐로오스테리아,3.07
모로코코 카페,3.36
카사블랑카,3.4
라구,3.25
꼼모아,2.88
팟카파우,3.33
뭉실이산도,3.12
노아,3.5
오파토,2.5
Ori,2.33
더백푸드트럭,3.09
보니스피자펍,3.25
사테,3.3
어제의 카레,3.0
사실주의베이컨,2.8
살선생,3.12
우사단고기,2.88
아날로그소사이어티키친,3.31
끌라시끄,3.11
부송국수,3.0
쎄니에,4.0
바마셀,3.5
오츠커피,3.5
푸에고,3.5
스즈란테이,3.35
동빙고,3.0
오근내 닭갈비,3.25
더몽,2.89
한길포장마차,2.7
더 아래,3.12
왕타이,3.12
오리지널팬케이크하우스,2.94
트로이카,3.36
할랄가이즈,2.69
꾸잉,2.81
몽크스부처,2.75
교양식사,2.75
맥심플랜트,3.38
브라이리퍼블릭,2.6
로즈앤크라운,3.57
야상해,3.06
라플랑끄,3.45
호머,3.56
라크루다,3.0
스테이크하우스,2.83
테판,2.5
데이로우,3.6
치즈플로,3.33
탄산바,3.67
마렘마트라토리아(휴업중),2.75
호프가든,2.87
공기,2.94
라페름,2.7
정민,3.31
이원일식탁,3.36
더테이블키친,2.88
라신반,3.3
라샌독오스테리아,3.06
비스트로 루틴,2.67
소와나,2.73
뮤땅,3.38
삐삣버거,3.12
시칠리,2.9
루트,3.38
부자피자,3.06
제이엘 디저트바,3.2
모수,3.36
써머레인,3.27
다츠,2.82
휴135,3.25
한남작업실,3.36
소꿉,2.0
타카,3.36
SMT 차이나룸,3.25
계인전,2.0
UPP (휴업중),3.5
서울드래곤시티 The26,2.83
버거인,3.31
한입소반,3.31
사이공마켓,3.56
김용안과자점,2.1
미와쿠,3.55
오제제,3.5
티하우스레몬,3.44
스시이젠,3.0
강너머 남촌 숯불 닭갈비,3.64
오근내2닭구이,3.19
3F 로비,2.91
루블랑,2.45
북천,3.0
르 궅,3.45
양인환대극진,2.0
어프로치,2.82
우마미,3.44
더백테라스,3.09
포카치아델라스트라다,3.2
꺼거,3.31
물고기주택,2.75
도야집,3.23
카카오봄,3.19
남박,2.83
화양연가,2.94
덕순루,3.33
남영돈,2.5
초원,2.75
오복함흥냉면,3.38
유용욱바베큐연구소,2.86
울프소셜클럽,3.0
디템포레,3.83
코르소,2.57
스시노아야,3.33
서울브루어리,3.09
산수화,2.75
세스타,3.17
오스테리아 오르조,3.09
카밀로한남,2.91
Keem Hannam,3.17
부토,3.55
리틀넥 한남,3.38
파이프그라운드,3.81
반창고,3.36
올드페리도넛,3.38
SAAP ,2.45
로코스 비비큐,3.25
마틸다,2.86
캘리포니아키친앤크래프트펍,3.18
라 쿠치나,2.64
우스블랑,3.19
야스노야,3.0
산동만두,2.27
정거장 뒤,2.17
히카리우동,3.7
양대리갯벌,2.5
테이블도트,3.21
한나식빵,2.56
싸리골,2.5
점보화이트,3.55
쿠키날,2.2
온도차,2.89
녹음커피바,3.0
가야밀냉면해물칼국수,3.25
만석장,2.83
강릉장칼국수&만두,2.0
송추가마골,2.88
허니돈,2.71
명동수제돈가스,2.5
강용구족발보쌈,0.5
술집타디스,3.0
소야일식,2.8
성너머집,2.93
삼오옛날순대국,3.19
IN THE AIR,1.5
로즈드마이,2.71
더모먼트,2.67
차이몬스터,3.29
플롭,2.67
카페 아사,3.0
필구커피,3.4
벤조롱,1.6
옥토끼 제면소,3.5
스시온도,2.91
이병태함흥냉면,2.67
옥탑방,2.5
밥맛나는세상,3.5
TOAST,3.0
flot,3.12
횟집울릉도,3.15
서부감자국,2.56
전하는날,3.0
아리산채,3.38
튀김소리,3.12
스시이마,3.6
금원함흥냉면 (휴업중) ,1.83
신도각,2.0
진김밥,3.17
만포면옥,3.5
미소복원조양평해장국,3.0
페스카,2.8
유라쿠,3.06
보들이족발,3.2
태백산 생고기,2.4
진국수,2.29
차돌식당,3.0
브릭하우스76,3.06
다온브레드,2.25
북한산제빵소,2.88
손수메밀,2.2
롱브레드,2.4
1인1상,2.6
1인1잔,3.0
밥풀꽃,2.0
에스키나,0.5
카페 달력,3.38
다용도실,2.6
카페뤽상부르,2.67
휴식,2.73
H3 비스트로,3.0
세이지,3.47
윤주방,1.67
카페문쌤,1.75
호박,2.44
까볼로,3.0
어뮤즈멜로우,3.2
인세인,2.0
공휴일 카페,1.67
티나의식빵,2.89
코피티암,2.93
마샬라인도레스토랑,2.33
연어가게,2.45
달가득치킨,2.75
목노집,2.87
술있는부엌,1.67
원조두꺼비불오징어,3.0
수정불막창,3.0
비보,2.33
닭갈비제작소,2.6
오징어청춘,3.2
에키소바,3.0
후통마라탕,2.25
화포식당,1.25
인생,1.67
다온카츠,3.0
일로,3.33
참새식당 스즈메,2.33
갈현동떡볶이,2.8
카도야라멘,2.73
햇살머무는식탁,3.0
플럽커피,3.18
요요라멘,2.8
심플디,2.67
미닝풀랩,2.9
우주미,2.71
충무칼국수,3.08
저스트텐동&경양카츠,2.8
데일리 베이크 하우스,3.33
은평커피로스터스,2.83
포358,2.25
믿음양꼬치,2.0
요요미,3.13
스시쇼부,3.17
니나스 키친,3.33
시골감자국,2.6
앤슬로,2.17
상하이문,2.93
응암동돈까스,2.22
풍천장어,3.0
제주도그릴,4.0
히카리 이자카야,3.4
페리도트,2.67
유즈풀,3.5
근린커피,3.27
스데반카레,2.83
찰스커피컴퍼니,2.75
카페와인드,2.0
마마수제만두,2.88
봉희설렁탕,2.0
뚜띠쿠치나,2.33
니하오,3.36
소비니식당,2.75
온순씨,2.6
Otr Coffee,2.6
별미국수,2.5
밈밈케이쿠,3.7
타이선,2.75
다리원,2.5
트라토리아피우,3.6
HUGA,3.1
노비어노라이프,2.5
이태리식당최다이닝,3.2
YM에스프레소룸,3.7
쉐멩돌,3.2
스와가트,3.14
카페볼가심,3.0
스페이스헬레나,2.6
쿠아레비,2.6
넙딱집,2.75
피넛버터 (휴업중),3.25
호야네 양꼬치,2.0
식구,1.0
영심이네보신탕,2.5
통나무집,1.75
이상향,3.33
야래향,2.0
스프링그린,2.0
포옹싸,3.0
텐파이프,3.0
수수가든카페,2.86
안스베이커리,2.69
도레도레,3.0
캘리포니아피자키친,2.86
아그라,2.62
비건카페 달냥,3.0
꼬끄드파리,2.57
횟집산이네,2.5
만선,1.33
개풍반점,1.6
신선설농탕,3.33
토마스 피,2.2
중화원,3.25
디스위켄드,2.0
YM커피프로젝트,2.88
커피송,2.75
중국음식점 / 中国小吃,2.43
다온상회,2.62
주다,3.2
해례커피,2.88
라뚜셩트,2.62
Cafe B,2.33
코스믹버거랩,3.53
갈현시장할머니떡볶이,3.19
오스테리아고스마,3.18
스시쿠니,3.5
힐사이드테이블,3.4
애호락,3.38
Artisan Croissant,3.0
Osso파스타,2.5
고기공방,3.14
독일주택,2.4
혜화도담,3.44
혜화양육관,3.0
소친친,3.06
청산손만두,2.83
뎁짜이,2.73
깔리,3.38
버거파크,3.2
리본윈도우,3.31
옳은,3.18
국수찾아닭만리,3.0
온천집,3.36
계림,3.0
드엠,3.0
수도원,2.69
어쩌다산책,3.62
핏제리아오,3.17
저팔계식당,2.73
학술적연구소,2.82
로우루프,3.2
톤티커피,2.56
떼레노,2.6
도마유즈라멘,3.18
깡통만두,3.4
갈로팡,3.1
소금집델리 안국,2.91
안암,4.0
황생가칼국수,3.45
빚짜,2.67
대성집,2.25
내자상회,3.0
코블러,3.31
기승전우,2.5
파네트크루아상팩토리,3.67
이찌이스시,3.64
Mauve,3.56
백부장집닭한마리,3.31
병천유황오리,2.87
그랜트샌드위치,3.38
홍성원,3.27
옛날집낙원아구찜,1.8
종로돈부리,3.31
호반,3.13
양키스버거,3.36
서울서둘째로잘하는집,3.0
만가타,3.0
포비브라이트,3.2
유유안,3.17
아키라백,3.25
찰스에이치,3.5
더마켓키친,3.0
컨펙션스바이포시즌스,2.67
광화문뚝감,3.5
평안도만두집,2.94
어바웃진스,3.07
스시산원 경,2.44
광화문더덕순대,2.62
화목순대국전문,3.0
장수한방삼계탕,3.0
오가와,2.67
서울집시,3.5
카페사사,1.88
이다,2.64
헤리티지클럽,2.83
나누미떡볶이,3.2
라뜰리에 꼼때,3.17
건강한빵,3.6
친니,3.2
한일식당,3.53
오죽이네,2.91
HIVER,3.25
도취,3.09
오에스떼,2.57
남대문막내횟집,3.5
별궁식당,3.2
도트블랭킷,3.81
이화돈까스,2.8
반타이,3.31
니코키친,3.64
무심헌티하우스,3.0
기와탭룸,2.81
이태리재,3.43
스시키즈나,3.18
호가양꼬치,3.8
853,2.33
세루리안,3.0
누룩나무,3.64
스토9,3.33
주간소바식당산,3.31
오수흑두부,3.33
반짝반짝빛나는,2.75
석파랑,2.25
비텔로소띠,2.5
더마틴,3.45
모드니에,3.1
갈리나데이지,2.81
레에스티우,2.91
두오모,3.36
물랑,2.67
퀸즈테라스한옥달,3.36
김진목삼,3.27
서촌계단집,3.27
체부동잔치집,3.4
안주마을,3.69
아시안쿠진,3.38
동감,2.56
통의동 국빈관,3.17
독도16도,4.17
중국,2.62
까예데고미스,4.0
룰스,3.06
팔마,3.0
제이엘리,3.5
토속촌삼계탕,2.93
미라보쇼콜라,3.06
스쿠퍼,3.19
도성,3.5
노브13,3.5
대하식당,2.88
까사디쉐프,2.36
BAR CHAM,3.5
퀴진라끌레,3.17
칸다소바,3.27
포담,3.0
이태리총각,3.62
뽐,3.09
후니도니,3.17
시엔스시,2.88
창신육회,3.0
부촌육회,3.17
육회자매집,3.14
포항,2.4
투뿔등심,3.53
더피자필,3.0
뚝배기집,3.07
효자동목고기,2.64
광장시장 찹쌀꽈배기,3.57
순희네빈대떡,3.19
모던샤브하우스,2.73
덕후선생,2.86
멜팅샵X치즈룸,3.19
시조명동닭한마리,2.83
차차 티클럽,3.5
동북화과왕,3.36
동묘마케트,3.67
우육면관,3.07
카페키이로,2.82
혜화칼국수,2.88
천하보쌈,2.56
버거뱅 (휴업중),3.0
무지개호프,3.4
부빙,3.69
레이지버거클럽,2.81
Scoff,3.0
비엘티스테이크,2.87
아마츄어작업실,2.75
포탈라,2.88
Ground62,1.83
절벽,3.25
고치비,2.85
벨라또띠아,2.73
궤도,2.57
만나분식,2.5
세이지핀치,3.5
공기식당,3.44
오무사,3.67
이이엄,3.71
아도레쿠치나,2.88
명륜건강원,2.33
33마켓,3.0
아키비스트,3.07
애즈라이크,3.67
남대문야채호떡,3.06
무궁화,3.33
송옥,2.75
애성회관,3.06
충무집,2.83
이지샐러드,3.0
막내회집,2.91
통통김밥,3.33
중앙갈치식당,3.0
닭진미강원집,3.0
희락,2.81
홍복,3.22
용금옥,2.5
부민옥,3.07
원흥,2.73
가쯔야,2.33
진남포면옥,3.38
사가루가스,2.91
129 라멘하우스,3.5
금돼지식당,2.5
다루다,2.69
수와,3.41
스담,2.81
백송,2.82
리사르커피로스터스,3.56
약수순대국,2.75
덕수궁리에제와플,3.18
더라이브러리,3.62
더파크뷰,2.67
패스트리부티크,3.38
팔선,2.17
아리아께,2.64
서울다이닝,3.18
스시효 (휴업중),3.17
홍보각 (휴업중),3.73
장수보쌈,2.36
처가집,3.17
브레라,3.12
오장도너츠맛집,2.83
오장동흥남집,2.91
파르투내,2.5
벱비엣,3.19
황평집,3.33
진미네,2.78
할아버지손칼국수,3.25
유즈라멘,3.06
더레드하우스,2.91
도향촌,2.83
명동영양센터,3.05
코인,2.93
하동관,2.93
맷차,2.69
신세계떡볶이,2.83
미성옥,3.25
그랜드키친,2.9
곰국시집,3.27
멘텐,2.67
동강나루터,3.31
이남장,3.13
커피한약방,2.75
쓰리도어즈,3.06
숙희,2.64
카돈마리,3.25
동대닭한마리,3.5
필동면옥,3.82
디라이프스타일키친,2.94
다만프레르,3.38
붓처스컷,3.18
현대칼국수,3.12
진주회관,3.12
풍년 닭도리탕,3.19
신성,3.0
광화문국밥,3.06
스윗밸런스,3.22
사직골,2.38
홍연,3.73
아리아,2.88
스시조,3.12
라운지앤바,3.19
나인스게이트,3.73
루브리카,3.2
블랑제리더플라자,3.12
세븐스퀘어,3.06
주옥,3.19
헴라갓,2.93
호경전,3.33
란주칼면,3.09
금산제면소,3.21
을지루이스,2.86
스탠딩바전기,3.33
콘부,3.09
레드스타,3.67
을지육점,3.0
을지오뎅,2.94
을지로양대장,2.93
무학,3.3
바오차이,3.0
도록,3.7
끽비어컴퍼니,2.75
호랑이,3.62
적당,2.94
류경회관,2.67
이나니와요스케,2.88
동원집,3.1
원조녹두,3.0
술다방,3.45
다케오호르몬데판야끼,3.19
명인돈까스,2.9
임마지노,3.0
만선호프,2.69
조선옥,2.64
경일옥핏제리아,3.06
무교동북어국집,2.67
대성골뱅이치킨,3.25
산수갑산,2.88
방산분식,3.0
황소막창구이,2.88
사마르칸트시티,2.67
러시아케익,3.33
해남낙지,3.12
도이농,3.19
평안도족발집,3.36
평양면옥,3.62
진짜해장국 대화정,3.62
페스타바이민구,3.23
그라넘다이닝라운지,3.5
미즈컨테이너,3.12
허수아비돈까스,2.33
덕수정,3.06
남도식당,3.17
도마,3.22
우래옥,3.0
문화옥,2.75
청계어시장전주식당,3.19
영덕회식당,3.0
다전식당,2.94
강산옥,2.64
마르셀,3.19
해피해피브레드,3.17
호수집,2.81
황성집,3.0
올드팻누들,2.4
양미옥 (휴업중),2.73
을지면옥,3.17
황소집,4.0
타케리아 스탠,3.27
부타이제2막,2.81
앨리키친,2.89
우육미,2.67
오챠드1974,3.12
The92산들바다,3.06
심세정,3.12
주신당,3.52
디핀,2.55
하니칼국수,3.38
국수가좋아,3.25
마크 다모르,2.67
팔레드 신,3.31
라망시크레,2.73
유가,3.27
목멱산방,2.62
사랑방칼국수,3.33
회현식당,3.47
회현카페,3.0
태국수,3.29
오트렉,2.82
룽키,2.6
수잔나의 앞치마,3.4
장프리고,3.36
제로컴플렉스,3.8
느티나무설렁탕,2.62
온센,2.91
카키,2.6
옥이네먹거리,3.43
장수보리밥,3.17
포25,3.0
언더오챠드,2.79
계류관,3.0
무명스키야키,3.13
땡초곱창,3.78
헤베커피,2.1
로기스커피,2.5
후후스시,2.25
진미각,2.75
면목식탁,2.0
한참치,3.08
스시호빈,0.5
진라멘,2.79
먹골골목냉면,1.5
만두박사,1.67
스시고메이,2.56
묵동할머니떡볶이,3.2
대박왕곱창,3.0
더바른 차담소,3.0
노브랜드버거,2.6
이층커피,2.0
유성집,1.5
BREAD850,1.0
세컨드고메,2.33
연스시,2.0
디저트39,2.67
명동칼국수샤브샤브,1.67
포앤시드니,3.15
태능대게하우스,0.5
일차돌,1.5
만석바지락칼국수,1.0
시월애도토리,2.67
마구로,2.67
태능배밭갈비,2.67
두루두루 베이비카페,2.0
라떼플로라,1.75
더메뉴얼,3.0
도씨,3.0
하루미,2.0
향선루,2.0
단미화커피,2.0
쿠우쿠우,2.8
시즌스,1.0
빈스코드,2.75
제이쿠치나,2.5
포메인,1.33
애슐리퀸즈,4.0
명동칼국수,1.67
동부고려제과,2.75
소르르카페,2.0
육감만족,3.33
커피스터프,3.75
에헴,2.8
가츠라,2.0
메종드그릭,2.25
서박사네곱창,2.67
정가네홍두깨손칼국수,1.0
홍이네분식,3.19
찜집,3.78
M16멀티펍,2.17
커피꾼,2.25
내친구고양이카페,2.0
이학갈비,2.0
흥부골숯불돼지왕갈비,2.0
꽈배기의달인,1.5
숯불닭갈비에 반하닭,3.38
순돈까스,2.5
원할머니보쌈족발,1.5
스시왕,2.33
홈메이드,2.6
성창식당,2.0
달구나마카롱,1.5
제이식스,2.0
까망통돼지,3.0
964커피로스터리,1.0
유정순대,2.0
만두만,2.0
사가정손두부,3.33
맛있는양식당,3.75
카페레블,3.2
장수살롱,3.4
면동떡볶이,2.43
카페굿업,2.33
참맛깔곱창,3.5
꿀삼겹,3.33
커피볶는성군,1.0
한방숯불바베큐,1.33
시래궁,3.5
오대전통가마솥순대국,1.67
소꼴농장,2.2
연탄돼지갈비,2.0
모퉁이카페,1.0
가고파설렁탕,2.17
고깃집 경훈이네,1.0
상봉커피,3.14
천외천,1.67
이주소곱창,2.0
강금옥쭈꾸미,3.25
벌교꼬막포차,2.0
함평국밥,2.17
ㅎㅎ포차,1.0
오스테리아주연,2.9
소소라떼,3.0
연어에 반하다,2.88
어느날오늘,2.67
만주리양꼬치,2.67
한도니,3.4
오늘그릴,3.0
만다린진,2.67
노고단칼국수,2.67
파란고양이와단팥빵,3.33
장수돼지갈비,2.8
만희네참숯불닭갈비,2.67
루앙의부엉이,3.0
카페 향아,1.0
유씨네가직접만든찹쌀순대,2.0
시즌카페,2.33
파파라멘,2.38
맛닭꼬,1.67
단집,3.12
왕십리불곱창,2.0
성지곱창,2.6
장안칼국수,2.75
허밍버드,3.14
돈대감,1.8
개인공간,3.17
쭈꾸미킹2 0,2.27
거여돈가스,3.17
슈가버터,2.33
브라더야끼,3.6
돈카츠요,2.67
유정집,2.33
아라수산,2.67
토평한우소곱창,2.5
Mr왕,3.0
한동길뼈다귀감자탕,2.33
육부단,1.5
토리자까나,2.0
스시차이,1.67
낙지방,1.0
봉화산커피,2.75
커피나무,2.33
데일리파크,2.5
포데이,1.0
모나크커피,1.75
카페브릭,1.0
파크더블유,3.38
망우찜쌈밥,2.5
용마해장국,3.33
농부보쌈,2.89
바다회천국,3.33
용마갈비,2.5
신선한우촌,1.67
용마쉼터,2.33
동강오리,3.29
진국설렁탕,2.25
더파이어,1.5
산오징어집,2.33
오덕진해물능이버섯한방오리,2.5
망우정식,2.33
중국관,1.0
티하우스나니,3.13
곤드레킹,2.0
장어세상,2.0
플랜즈커피,2.5
가나점보돈까스,2.71
맑은샘,3.44
맛짱,2.0
넝쿨곱창,2.0
울타리철판곱창전문,3.0
오자매양꼬치,2.5
스시남,2.0
용호횟집,2.5
발짝,2.5
아롬오네뜨,2.0
커피맬러드,1.5
임현숙의이화김치찌개,2.83
키미노돼지국밥,2.33
조개나루터,2.0
제주돈선생,2.67
양다리걸쳤네,3.0
장수마늘보쌈,3.31
삼덕식당,3.55
동네함박,3.19
다정도병인양,3.0
김밥은,3.36
1996 하산바바,2.83
플레이버,3.12
옛곰탕집,3.36
대중만두,3.0
다래함박스텍,2.94
벼랑순대국,3.0
미즐카페엠,3.27
카페 산아래,2.3
여러분평양냉면,3.29
제이제곱,2.5
만두향,3.33
유키가후루,3.27
춘천막국수,3.15
칠복상회,3.0
히피스베이글,3.26
무너미,2.92
원조할매곱창,3.12
수유리조트,3.0
대보명가,3.19
헤비앤라이트,2.33
귀품찬,3.38
왕의장어,2.25
황주집,2.81
키쉬미뇽,2.86
상미규카츠,2.93
제일분식,2.69
천회초밥,3.0
모카향기,2.67
실비집,2.67
파조쿠치나,2.9
더달다,3.5
카페블루라운지,2.0
노르웨이안 우드,3.0
카페인,2.5
미스터쭈꾸미와동태세상,2.0
상미식당,2.67
쿄우,2.5
주대국초밥집,3.0
북한산 인수재,3.0
송연95닭갈비,2.82
삼양여관,2.29
미구소,3.43
스시도리,2.57
마시미트,1.67
쉐프쿠스토,3.67
카페라티스,2.67
솔향스시,2.0
맨덜리,2.8
썬데이스낵,2.6
미트포레,2.0
유메초밥,2.12
크래미김밥우동집,1.8
곰보냉면,2.0
카페로니,1.5
정스시,2.33
황성,2.62
쿠시,3.38
한끼만두,3.25
예와손만두,3.71
블랙다운커피,3.5
아카렌,2.5
왕빈자삼파전,2.5
경계선,2.75
얌미타이,2.83
대가원식당,3.38
이씨부엌,1.0
소희네,2.33
시장떡복이,3.25
벤투라커피로스터스,3.0
김도훈스시,2.83
화로몽숯불닭갈비,1.33
크을농,2.75
붕자네,2.91
카페브러리,2.6
새미가왕소금구이,3.0
짱곱창,1.5
릴렉스,2.5
리트리트커피로스터즈,3.25
노군꼬치,1.0
부추곱창,2.36
연화양꼬치,3.17
호치민쌀국수,2.17
미녀가든,1.0
우디플레이트,1.5
담소두부,2.4
헤미앤바우어,3.5
보배반점,2.67
전주선지순대추어탕,3.5
몽브루,2.0
본쁠리,2.0
동네맛집족발,1.5
현경양고기,2.0
삼양막걸리,1.0
짚신매운갈비찜,3.0
일출코다리,2.0
스시다네,2.6
수유리우동집,2.67
산성골숯불화로구이,2.0
재영통닭,2.0
파도포차,2.33
국태야,2.0
조연탄,3.76
원조왕십리곱창,3.4
솔방천,2.4
물꼬기,2.67
로팸,2.0
수유모소리,1.5
모록도새기,2.62
와겐커피,2.0
잼파파,2.8
백곰집,3.0
송현초밥,2.33
정술,2.0
BUN418,1.5
쉘위커피,2.67
카페문나잇,2.5
행복들깨칼국수,2.0
데어유고,2.33
카페멘디,2.5
하오런,2.33
분코,3.0
토방청국장,3.33
삼양동순대떡볶이,2.67
조개일번지,2.8
신쭈꾸,3.0
카페백야,1.67
비커피,3.33
미아골목냉면,2.0
마늘과올리브,2.57
한우고기농장,2.71
주막,2.33
세세,3.17
청양육개장,2.75
마리웨일마카롱,2.0
대찬식당,1.75
창신동옥천매운족발,3.0
카페두두,1.0
돝제주흑돼지,3.25
두메골,1.33
김스시,3.0
물속세상,2.0
오니바브런치클럽,2.67
미아회관,2.33
한천기와,2.67
미성반점,2.5
털보정육식당,2.67
남해횟집,2.5
삼양동우동집,1.0
문가네정육식당,2.86
까미노빵집,3.2
곰이순대국,2.6
우이동주막집,2.17
다꼬야끼,2.83
하프,2.0
유락손칼국수,1.33
마루국시,2.0
오월식당,1.5
육두막,3.33
335식당,2.0
토핑빨,1.0
지동닭갈비,2.5
대동집,2.0
장인,0.5
녹베이크샵,1.5
샘터마루,3.29
소장식물전,3.0
웜테이블,2.5
영양족발순대국,3.69
주방문,3.17
원조나주곰탕,2.91
형제돈부리,2.44
금고깃집,3.25
자이온,3.53
떼헤브,2.83
랑 월,2.88
발산삼계탕,3.25
코끼리탭룸,3.19
고양이똥,3.44
광주똑순이,3.08
배진수스시,2.67
충북식당,3.15
OBPC,2.71
마부자생삼겹살,2.88
등촌최월선칼국수,3.27
고성막국수,3.12
타르데마,3.53
나인바이츠 (휴업중),3.25
옛날한우곱창전문,2.94
배진수어시장,1.88
카페우드진,3.0
냐항바바바,3.2
브레드더밀,3.29
헤리스헤이스,2.5
익스큐즈미,2.83
스시사라,2.22
레피큐르,2.9
홍린,2.67
동양식당,3.0
나오키,3.25
더블랙,3.18
코끼리만두,2.81
옥소반,2.69
오프닛,3.17
후라토식당,3.11
맹순이꽃게아구찜,3.11
똑순이막국수,3.06
속초그바람에,2.5
카이조쿠,2.75
헤븐온탑,3.25
소바트럭,2.17
하롱하롱,2.93
목동분식,3.06
송쭈집,2.3
광화문살롱,2.77
인라이크,3.0
부부칼국수만두,2.5
유림,2.56
오남매닭갈비,2.75
망향비빔국수,2.79
백소정,3.0
탄탄면공방,3.12
토끼정,2.53
사이드쇼,2.7
브런치팩토리,3.14
공항칼국수,1.67
신선,3.0
다온나루,3.0
딘타이펑,3.0
이오카츠,1.0
사보텐,2.0
우니크,2.0
모닐이네하우스,3.29
도일처,2.75
우학면옥,2.14
마산아구찜,1.67
나우니스,2.57
도쿄하나,2.71
80년전통 원조순대국,2.6
사모님짬뽕,3.82
박가부대,2.75
녹지,2.0
봉래헌,1.0
아이엠키친,2.82
오즈테이블,2.33
까롱파티,1.0
일품한우,3.0
육화몽,3.0
도라무통즉석떡볶이,3.25
현이네초밥가게,2.0
잔잔하게,2.5
가마솥한우국밥,3.2
의성식당,1.5
남춘네숯불닭갈비,2.0
삼부숯불구이,2.5
사랑방손칼국수,2.0
꼼떼바베큐,2.29
밀작,3.22
선식당,2.0
청풍동태탕,3.33
사이공윤다이,3.17
안영자면옥,2.5
리틀사이공,2.44
도화림,3.0
쿠시야,2.8
식바,2.5
츄카롱,1.5
맛거리,3.3
해촌칼국수,3.44
제이든,2.43
MODU’S CAFE,2.67
양평해장국,3.64
고양이후추,2.5
설화랑,2.25
쉐드커피,2.67
린치타이,2.5
커피볶는곤이네집,3.83
파파노다이닝,3.17
남대문커피,2.17
마곡테이블,3.33
신촌감자탕해물뼈찜,2.0
진1926,2.5
쿠타니,1.75
풍경,3.25
다래정,2.0
로빈뮤지엄,1.67
오재영스시,2.83
타이투고,3.43
쓰부,2.33
강서복집,2.25
이치방라멘,2.0
호호방,2.67
정일품삼계탕,2.25
메리하하,3.0
하코야라멘,2.33
야끼화로,2.5
만배아리랑,2.0
한우등촌골,2.5
삐삐커피,2.4
구도커피,2.75
마초갈비,2.6
도깨비베이커리,2.6
비에이,1.5
데판야끼다케시,2.5
플루이드,3.0
양옥주점,3.0
등촌미돈,3.44
신촌기사식당,2.71
페이페이,2.5
명지첫집,2.0
더웨스트햄릿,0.5
올리브레스토랑,2.0
낫띵메터스,2.5
마곡참치정육점,2.0
꿈꾸는요리사,2.54
어쩌라고,2.0
파스타인카페,3.29
동굴,2.29
심야식당켬,2.4
라페스타,2.17
비라티오커피,2.0
와밀,1.75
오백년장어,2.0
르뺑블랑,2.0
식신짜글이생갈비찜,2.33
따빠디또,2.73
빠사삭,2.81
루비정,2.73
오목눈이,2.94
뉴욕택시디저트,3.0
로향양꼬치,2.73
오월의김밥,3.09
두만강샤브샤브,2.94
오지 편한식당,2.69
퍼블리코타코,2.73
베이컨시,3.45
요샌,2.83
텐동요츠야,3.25
안녕베트남,3.4
더멜팅팟,3.14
제주상회,2.64
딸랏롯빠이,2.94
커피볶는여자,3.25
투머트,3.0
가람숙성대광어,3.44
동학,2.88
보울,3.29
누아젯,2.5
동경산책,2.97
모즈타파스라운지,2.69
분짜 하노이,3.0
라이라이켄,3.2
타이패밀리,2.5
축상,2.83
크래프티,3.0
소미당,3.56
중화요리팔공,3.0
하라고지페,3.09
사담,3.55
어부사시가,3.31
달그미과자점,3.25
쟝블랑제리,3.0
쥬벤쿠바,2.47
더은교,2.8
옷살,3.13
차이나당,2.5
킷사서울,3.31
서울갈비,2.67
정담은보쌈,3.06
아리차이,3.47
가네샤,3.5
만석곱창구이,3.13
낀알로이알로이,3.0
청송산오징어,3.18
봉이돈까스,3.38
표표마라탕,3.31
춘천골참숯불닭갈비,3.27
수상한닭발,3.25
논밭골,2.36
전호메밀우동,2.17
오첨지,3.19
고모네정육식당,2.2
려,3.44
외래향,2.27
무삥과팟타이,3.56
발루토,3.0
기절초풍왕순대,3.27
링고,3.24
프리미엄 섬,2.2
고명집,3.33
다케,3.12
사케바히토리,3.21
미각담다,2.5
달첨시루,3.22
우리가참순대,3.31
신림동피자집,3.09
생각보다맛있는집,3.27
베어문,3.0
갯바위,2.2
코우드,3.29
경원치킨,3.15
황해도빈대떡,3.5
호남댁,2.62
나인온스버거,3.88
에그썸,3.19
릴트,2.88
엘따뻬오,3.0
모힝,3.0
반조,3.5
미라보,2.19
프랑스홍합집,3.18
박명주의 브라더,2.88
막불감동,3.38
십장생베이커리,3.12
레그나나폴리,3.07
바닐라스카이,2.73
두리닭발,3.0
스시스캔들,3.19
미스리부자아줌마,3.14
시골집,2.33
종로계림닭도리탕원조,3.0
토모,2.91
하이보,2.44
쑥고개,3.2
사생활,2.67
가츠가게,3.8
고로커피로스터스,3.86
예인촌막걸리,2.5
소백양샤브샤브,2.29
다이히로,3.0
낙원의소바,3.43
얼큰수제비해물칼국수,3.58
술파는이층남자,2.7
앙뿌,3.29
문득낙성,2.33
마뇨떡볶이,2.5
펠리치따,3.18
OFFOF카페,2.83
까까,3.0
오페라빈로스터스,3.22
도우다베이커리,2.71
레이네,3.2
솥뚜껑제주삼겹살,2.75
오삼숙이,3.17
마이무,2.93
리버벨,3.06
낭만모로코,3.5
구루메키친,3.73
순보보,3.29
안녕부산,3.06
프로젝트서울,3.44
슈슈고미,3.0
삼촌네,3.67
완산정,2.81
코시롱,3.5
서랍,3.11
나에게오는길,2.86
덕봉식당,3.09
이야기,3.14
히토리더야끼니꾸,3.44
정숙성,3.5
누들하우스,2.5
천년곱돌,3.06
포포인,2.92
오른손푸드카페,3.27
더랩 24 7,3.62
니와,3.56
지구당,3.07
아띠85도씨베이커리,2.9
온돌,2.86
티라노,3.25
우디가스트로,3.27
카페미엘,2.76
포도원삼계탕,3.06
카페서른살,2.62
서울뼛국,3.38
황소곱창,3.17
옐로우버터드림,2.85
호랑이면,2.75
오신매운갈비찜,2.75
아로이막막,2.92
진우리참치,2.57
야간얼큰우동,2.94
세미온,3.05
카페미뇽,2.44
리앙크리스피롤,2.78
디자이너리카페,2.71
문득,2.5
르브와,3.12
안녕과자점,2.73
몽중인,2.73
삼백돈 돈가츠,2.67
김창일스시,2.17
라페리체,2.64
만성찬팅,3.21
꼬르동,4.0
산골,3.07
고요,3.07
미친키친,3.38
구로곱창,3.0
만두작만두작,3.18
Lees Pancake,3.0
삼미제면,3.09
다부찌,2.53
교자킹,2.78
길초밥,3.0
노다지,3.36
황토방,3.0
자하연식당,3.33
얌얌카츠,3.28
보타이,3.0
이한진숙성회,3.08
경양미식,3.0
프릭스다이너,2.83
등갈비달인,3.0
커피몽타주,2.94
진미한우곱창,3.12
데카망 ,2.94
다람,2.82
우리동네막국수국밥,3.5
영화정해장국,3.57
화진포막국수,3.06
봉래면옥,2.73
성일면옥,2.7
쭈꾸쭈꾸쭈꾸미,2.88
송월냉면,2.83
백년화편,3.12
유미벅스,3.44
온온,3.25
페더커피,3.5
카페온도,2.6
모리식당,3.0
푸지미곱창,2.45
유경정육식당,2.4
카쿠,2.81
블랑제리 11 17,3.18
솜솜베이커리,3.06
아키노유키,2.83
평상시,2.86
히든브라운,3.82
황푸차이나,3.47
캄포,3.33
하다식당,3.2
진이네떡볶이,2.94
반피셋,3.42
똥찌비,3.0
애크로매틱 커피 컴퍼니,3.5
영춘똥꼬닭발,3.46
족발선생,3.44
외계인커피,2.78
피콜로,3.14
YUP,3.67
아이스베리,3.17
두리돈까스,2.56
간다이,2.5
스윗솔트,2.94
앙상블,4.0
채스우드커피,2.92
피에로커피,3.53
풍년상회쪽갈비,3.45
빠네렌토,2.75
미니회바,2.42
평양만두집,3.38
미드데이썬,2.67
율베이커리,2.82
피카피오,2.94
천호쭈꾸미,3.06
마드레,3.22
브로일링커피컴퍼니,2.25
분더버거,3.54
통로,3.33
에이컷스테이크,3.0
셀프하우스,2.5
명일원조닭발,3.08
안녕식당,3.06
스테이지28,2.19
풀팬,3.31
파트원나이스,3.67
강동호치민,2.8
인정원월남쌈,3.0
멘야세븐,2.88
스시야미,2.6
모범떡볶이 1976,2.62
부리나케,3.19
독도쭈꾸미,2.73
하이몬드,2.75
송하정스시,2.67
유타로,2.75
연풍민락,3.0
바이재재,2.75
차이나린찐,3.19
배나무집,3.11
오픈키친어경재,2.44
해중천반점,3.0
초밥의신 부타,2.08
스시마에,2.14
곱사모,2.33
모뉴먼트커피,3.12
평냉집,3.43
와줘서고마워요,3.27
스시미진,3.0
마카롱걸,2.5
바다생협,2.0
브리에,2.6
콩플레,3.0
하에레츠,3.0
팔선생,2.57
오븐베이크,2.25
카페메종드한,2.6
요거트빌리지,1.0
제주아줌마집,2.62
랍스타킹,2.33
로겐하임,2.88
해왕조개전문,2.5
카페제이,2.4
시찌린,2.5
사바사바치킨&비어,2.94
8번가,2.9
느린토끼,3.0
애월집,3.33
베프상회,1.75
숟가락반상 마실,2.4
커피방,2.0
카페수요일,3.1
요인요아웃,3.17
마데린커피,2.88
고덕커피,2.17
커피볶는아침,2.5
엄마손만두,2.5
카페틸리,0.5
꾸러기분식,3.38
커피 코너칼럼,3.43
스타시티,2.0
미래로가자,2.67
시오미스시,2.0
요다래,3.64
씨푸드박스,2.12
나비소녀,2.5
분홍다이닝,2.5
대가식당,2.33
디어마이요거트,1.5
라베이크,2.6
유가네닭갈비,2.89
Cafe Asher,2.89
빈터커피로스터스,3.25
긴자,3.0
엔메르,2.0
메콩타이,3.09
타쿠미,2.5
꼼떼,2.5
김여사네국수,2.5
주문진,2.75
DE1993 쥬얼리카페,2.75
스시모루,1.0
원조숯불쭈꾸미,0.5
암사민물장어,2.0
최냉면,2.57
양철북,2.6
키읔피읖,3.0
으뜸횟집,2.0
진도아리랑,3.75
근초밥,3.0
솔리,3.2
스시꽃피다,2.6
코코플랑,1.67
고급아바이순대,1.8
천호977,2.75
살롱뒤파크,3.33
짝꿍제과,1.5
보성갈비,2.5
국민떡볶이,3.08
더식당,2.5
철원족발,3.4
유유자적,2.6
한방누룽지통닭,2.67
선남 sea,2.25
샬롬커피,1.0
덕구네복돈이,2.5
안남미가,1.0
봉트랩,2.67
길위의 파스타,3.0
고기감성,2.83
스타벅스,2.5
한왕스1980,1.67
여신족발,3.11
김사부샤브샤브 무한리필,3.33
진영면옥,2.5
세라즈피자펍,2.5
카페스미다,3.43
팔람까오,3.0
인크커피,3.0
호세가,2.29
춘천옥,3.12
동흥관,2.91
스시히또,2.71
왕게수산,2.33
단또,2.71
대구원조까미생막창누네서네,1.6
탁초밥,3.0
타미하우스,2.0
두껍삼,2.2
스시옥,2.43
상아탑분식,2.88
마하나콘,2.4
카페 트리니티 블랙,3.0
삼팔교자관,2.75
순대의명가미각,3.0
라시쓰커피,1.33
와룽 마칸 보로부둘,2.4
라티시크릿셰프,3.0
도원,2.5
휴스시,1.5
마라홀릭,2.5
떡볶이랑걸레만두랑,2.25
온초점,3.5
만두라,3.0
전주식당,2.0
뽕나무쟁이족발,2.75
을지로통일집,3.2
강창구찹쌀진순대,2.5
가산물갈비&백년불고기,3.25
홍수계안동찜닭,1.33
카페구움,1.33
포베이,2.4
쌍교숯불갈비,2.6
천지회관,2.67
복숭아꽃살구꽃,1.0
광명대창집,1.0
뜸들이다 시흥점,2.0
반포식스,2.0
빅터스버거,2.0
국수나무,2.75
히카,2.0
시골보쌈바지락칼국수,0.5
1인자감자탕,2.75
모나드커피로스터스,1.0
JVL부대찌개,2.75
카오룽,1.33
우미로드뽕전골,2.0
이자카야 별미,3.0
이음 망개떡,2.5
문래돼지불백,2.0
동남집,3.6
셀렉티,2.0
스시초이,3.5
미미초밥,1.0
문정곱창,2.2
개성손만두,3.25
정통춘천닭갈비,2.5
배스킨라빈스,2.0
쑥국당,3.0
부자아줌마,1.5
카페자작나무,2.5
송죽,1.0
순댕이네얼큰수제비,3.12
돼지분식,3.0
플레잉디오븐,2.0
카페로드,2.33
포보스,2.43
땡초불닭발,2.0
곱창나라,1.67
꽃히다,3.0
소공동뚝배기,2.67
식껍,2.0
25카츠,2.0
바르미샤브샤브n칼국수,1.25
귀빈순대국,3.25
스시천,1.67
하나스시,1.75
로스티드바이,2.0
탐나종합어시장,1.67
코야키친,1.0
금천골오리명가,2.5
살롱드디아망,2.0
흥부전놀부전,1.33
고기식당,2.5
고베소,2.0
허가네연탄불고기,2.0
김가네짜장,1.5
서귀포,1.5
미각양꼬치,2.5
장수명가,1.5
꽃향기칼국수,1.0
올래밥상,2.5
부산아지매국밥,1.5
리온즈펍,1.5
동대문털보네,3.0
남문만두칼국수,1.33
소담칼국수,2.5
오늘돈카츠,2.0
오이시이,1.67
미사리밀빛초계국수,1.5
옛날 닭꼬치 사골 부대찌게,1.0
육첩반상,1.5
강남찌개마을,2.0
가산어시장,1.0
자원방래,1.0
리가든,2.0
포인카츠,2.5
육전면사무소,1.25
선향정샤브샤브,1.33
토마토김밥,2.0
샘버거,2.0
샐러드로,2.0
청와삼대,2.0
티티베이커리,2.33
마드레파스타,1.5
두꺼비식당,2.5
나누다키친,2.0
촌닭,2.5
오감부대찌개와철판볶음,0.5
북촌삼대갈비,1.5
송탄부대찌개,2.5
남도분식,1.5
꼬치천하,2.5
한우마당,2.5
콘타이,2.0
정든소문난순대국,1.0
샐러드박스,2.0
홍천참숯화로구이,1.0
프랑세즈과자점,1.2
막회무침나라횟집,2.0
포차인닭갈비,2.0
명화곱창,2.0
혜화동돈까스,2.0
에그스탑,1.0
예원,2.67
우정초밥,3.44
카레,3.38
공푸,3.56
모짜,3.44
임금님자장면,3.91
도이칠란드 박,3.5
애정마라샹궈,3.19
바람난오리궁뎅이,3.62
고른햇살,3.25
팔백집,3.64
영순관,3.0
참나무닭나라,3.5
계모임,3.8
달밝은집,3.78
성북동메밀수제비누룽지백숙,3.25
성북동집,2.83
수아당,3.47
오스테리아치티,3.1
제주고깃집,3.36
살살솔트앤샐러드,3.14
토로생선구이,3.4
스시 오오시마,2.85
청수장,3.29
동우설렁탕,3.19
병과점임오반,3.45
김통,3.06
한상차림밥상,3.12
샤뽀블랑,3.44
샌드위치하우스,3.38
모소리,3.23
오버스토리,2.29
디프커피,3.12
명문막국수,2.75
비나케이크,2.94
일흥콩나물해장국,2.62
정가네지짐이,2.5
동선식당,2.38
바테일러,2.62
디어브레드,2.64
라라면가,3.31
제뉴어리피크닉,2.77
히포크라테스 스프,3.06
봉화묵집,3.0
일상,2.82
안선생주가,3.09
할매숯불닭갈비,2.94
백두산양꼬치구이,3.31
루틴,2.93
사랑마라탕,3.06
이공김밥,3.2
바스크,3.3
카페애일 ,3.11
블랑제메종북악,2.55
성북동면옥집,2.82
너의냠냠버거,3.19
안동반점,3.06
오샬,3.19
국시집,2.95
샐러드프린세스,3.31
해로커피,3.47
야마토텐동,3.12
모블러,3.69
리이케,2.81
우주제빵소,3.0
어흥식당,3.5
카페그레도,3.55
폴드커피,2.88
청춘예찬,3.45
카페58.4,2.5
샐러데이,2.94
58도씨,2.86
포테이토101,3.0
본크레페,3.12
와플앨리,3.0
밀곳간,2.2
돈암순대,3.62
달콤한위로,2.5
밀월,1.83
일미옥,2.91
이세돈가스,3.44
유목커피바,2.67
슬로우브레드파파,2.69
춘자,3.36
북경양꼬치,3.25
커피수공업,3.45
호랑이김밥,2.4
데일리트로피칼,3.38
버블티킹,3.57
수연산방,3.47
로스디아스,3.12
제순식당,3.19
꽌부이,2.81
메종드루즈,2.81
송림원,3.3
태조감자국,2.88
창신동매운족발,3.16
커피스토어,2.88
라이라이라이,2.92
마몽함박,3.44
문화식당,3.05
더허브,3.17
미스터국밥,3.08
더베리와플,3.38
마온,3.5
프로마치,3.19
알렉스더커피,3.38
쓰리로보스,2.75
용초수,2.45
성북동돼지갈비집,2.88
포도집,2.67
카페 원오프,2.64
더홈서울,3.3
아뜰리에에마미,2.67
마이란,3.18
삼통치킨,3.19
성북동 이안,2.33
구포국수,2.82
소담,2.56
마이버터드림 (휴업중),2.57
애정훠궈,2.9
밥짓고티우림,2.7
정상호프,2.94
핸썸베이글,2.75
황준호베이커리,3.0
한잔의추억,3.1
돈까스하우스,3.87
조비스그릴,3.0
천막집,2.33
윤휘식당,2.69
가부,3.0
어스핸드위치,3.06
몰리고몰리다,3.18
언니네반점,2.8
쌍다리돼지불백,3.31
소테,2.94
마이셰프,3.15
매스플레이트,2.75
모이리타,3.06
기차순대국,2.89
치즈를사랑한찜닭,2.33
테이블담소,2.67
427월곡닭갈비,3.0
유자유김치떡볶이,2.56
김태완의 초밥좋은날,2.71
놈,2.75
옛날중국집,2.5
로맨틱식탁,2.69
정만,2.86
미아리우동집,1.67
석관시장떡볶이,2.93
쵸이양식,2.6
서울쌈냉면,3.25
하단,2.56
무르무르드구스토,3.14
오박사네왕돈가스,1.67
카페 까쉬,2.67
갱상도갱양식,2.45
쿠이도라쿠라멘,2.56
네임드에스프레소,3.21
추억의 옛날떡볶이,2.62
도쿄커틀릿,3.12
피알디,2.67
성북동 빵공장,2.75
성북동디너쑈,2.62
금왕돈까스,2.94
벤베누토,2.83
모던바이츠,2.88
나카노라멘,3.42
온달왕돈까스,2.6
옥두헌손두부가,2.73
봉파레트,3.08
이립스,3.33
소마,2.0
동병상련,3.2
카페잇,1.75
숙수도가,3.5
프로젝트얼스,3.0
